episode_return,episode_length,score,epsilon,episode
6.0,6.0,0.0,0.1998,1
11.0,11.0,0.0,0.1996002,2
6.0,6.0,0.0,0.1994005998,3
6.0,6.0,0.0,0.1992011992002,4
10.0,10.0,0.0,0.1990019980009998,5
13.0,13.0,0.0,0.1988029960029988,6
13.0,13.0,0.0,0.1986041930069958,7
9.0,9.0,0.0,0.19840558881398881,8
13.0,13.0,0.0,0.19820718322517483,9
12.0,12.0,0.0,0.19800897604194967,10
6.0,6.0,0.0,0.19781096706590773,11
7.0,7.0,0.0,0.1976131560988418,12
13.0,13.0,0.0,0.19741554294274297,13
7.0,7.0,0.0,0.1972181273998002,14
12.0,12.0,0.0,0.1970209092724004,15
9.0,9.0,0.0,0.196823888363128,16
4.0,4.0,0.0,0.19662706447476488,17
20.0,20.0,1.0,0.19643043741029012,18
10.0,10.0,0.0,0.19623400697287982,19
4.0,4.0,0.0,0.19603777296590694,20
11.0,11.0,0.0,0.19584173519294104,21
13.0,13.0,0.0,0.1956458934577481,22
5.0,5.0,0.0,0.19545024756429036,23
23.0,23.0,1.0,0.19525479731672607,24
8.0,8.0,0.0,0.19505954251940935,25
4.0,4.0,0.0,0.19486448297688994,26
13.0,13.0,0.0,0.19466961849391304,27
10.0,10.0,0.0,0.19447494887541913,28
14.0,14.0,0.0,0.1942804739265437,29
23.0,23.0,1.0,0.19408619345261716,30
13.0,13.0,0.0,0.19389210725916453,31
12.0,12.0,0.0,0.19369821515190536,32
10.0,10.0,0.0,0.19350451693675344,33
9.0,9.0,0.0,0.19331101241981669,34
24.0,24.0,1.0,0.19311770140739687,35
16.0,16.0,1.0,0.19292458370598947,36
21.0,21.0,1.0,0.1927316591222835,37
29.0,29.0,2.0,0.1925389274631612,38
11.0,11.0,0.0,0.19234638853569805,39
20.0,20.0,1.0,0.19215404214716236,40
30.0,30.0,2.0,0.1919618881050152,41
11.0,11.0,0.0,0.19176992621691016,42
13.0,13.0,0.0,0.19157815629069325,43
13.0,13.0,0.0,0.19138657813440255,44
13.0,13.0,0.0,0.19119519155626816,45
13.0,13.0,0.0,0.19100399636471188,46
8.0,8.0,0.0,0.19081299236834717,47
10.0,10.0,0.0,0.19062217937597883,48
40.0,40.0,3.0,0.19043155719660285,49
24.0,24.0,1.0,0.19024112563940623,50
43.0,43.0,3.0,0.19005088451376684,51
16.0,16.0,1.0,0.18986083362925307,52
22.0,22.0,1.0,0.1896709727956238,53
13.0,13.0,0.0,0.18948130182282819,54
13.0,13.0,0.0,0.18929182052100535,55
13.0,13.0,0.0,0.18910252870048436,56
9.0,9.0,0.0,0.18891342617178386,57
13.0,13.0,0.0,0.18872451274561208,58
33.0,33.0,2.0,0.18853578823286646,59
15.0,15.0,1.0,0.1883472524446336,60
13.0,13.0,0.0,0.18815890519218897,61
13.0,13.0,0.0,0.18797074628699678,62
14.0,14.0,0.0,0.1877827755407098,63
23.0,23.0,1.0,0.18759499276516908,64
13.0,13.0,0.0,0.18740739777240392,65
14.0,14.0,0.0,0.18721999037463152,66
4.0,4.0,0.0,0.1870327703842569,67
30.0,30.0,2.0,0.18684573761387263,68
16.0,16.0,1.0,0.18665889187625875,69
21.0,21.0,1.0,0.1864722329843825,70
13.0,13.0,0.0,0.18628576075139813,71
13.0,13.0,0.0,0.18609947499064675,72
13.0,13.0,0.0,0.1859133755156561,73
13.0,13.0,0.0,0.18572746214014044,74
23.0,23.0,1.0,0.1855417346780003,75
13.0,13.0,0.0,0.1853561929433223,76
12.0,12.0,0.0,0.185170836750379,77
13.0,13.0,0.0,0.1849856659136286,78
23.0,23.0,1.0,0.18480068024771498,79
23.0,23.0,1.0,0.18461587956746728,80
15.0,15.0,1.0,0.1844312636878998,81
13.0,13.0,0.0,0.18424683242421191,82
10.0,10.0,0.0,0.1840625855917877,83
23.0,23.0,1.0,0.18387852300619592,84
23.0,23.0,1.0,0.18369464448318973,85
13.0,13.0,0.0,0.18351094983870653,86
14.0,14.0,0.0,0.18332743888886782,87
13.0,13.0,0.0,0.18314411144997894,88
13.0,13.0,0.0,0.18296096733852896,89
13.0,13.0,0.0,0.18277800637119043,90
13.0,13.0,0.0,0.18259522836481923,91
24.0,24.0,1.0,0.18241263313645442,92
13.0,13.0,0.0,0.18223022050331797,93
7.0,7.0,0.0,0.18204799028281465,94
13.0,13.0,0.0,0.18186594229253183,95
5.0,5.0,0.0,0.1816840763502393,96
13.0,13.0,0.0,0.18150239227388906,97
13.0,13.0,0.0,0.18132088988161518,98
13.0,13.0,0.0,0.18113956899173356,99
19.0,19.0,1.0,0.18095842942274182,100
33.0,33.0,2.0,0.1807774709933191,101
13.0,13.0,0.0,0.18059669352232577,102
14.0,14.0,0.0,0.18041609682880344,103
13.0,13.0,0.0,0.18023568073197463,104
44.0,44.0,3.0,0.18005544505124266,105
13.0,13.0,0.0,0.17987538960619143,106
13.0,13.0,0.0,0.17969551421658522,107
23.0,23.0,1.0,0.17951581870236863,108
33.0,33.0,2.0,0.17933630288366625,109
15.0,15.0,1.0,0.1791569665807826,110
14.0,14.0,0.0,0.17897780961420182,111
56.0,56.0,5.0,0.1787988318045876,112
63.0,63.0,5.0,0.17862003297278303,113
32.0,32.0,2.0,0.17844141293981025,114
33.0,33.0,2.0,0.17826297152687043,115
13.0,13.0,0.0,0.17808470855534356,116
23.0,23.0,1.0,0.1779066238467882,117
4.0,4.0,0.0,0.17772871722294142,118
23.0,23.0,1.0,0.1775509885057185,119
12.0,12.0,0.0,0.17737343751721277,120
12.0,12.0,0.0,0.17719606407969554,121
23.0,23.0,1.0,0.17701886801561584,122
33.0,33.0,2.0,0.17684184914760023,123
53.0,53.0,4.0,0.17666500729845264,124
4.0,4.0,0.0,0.17648834229115418,125
13.0,13.0,0.0,0.17631185394886303,126
23.0,23.0,1.0,0.17613554209491417,127
13.0,13.0,0.0,0.17595940655281925,128
13.0,13.0,0.0,0.17578344714626642,129
6.0,6.0,0.0,0.17560766369912015,130
23.0,23.0,1.0,0.17543205603542103,131
25.0,25.0,2.0,0.1752566239793856,132
23.0,23.0,1.0,0.17508136735540622,133
23.0,23.0,1.0,0.1749062859880508,134
13.0,13.0,0.0,0.17473137970206276,135
23.0,23.0,1.0,0.1745566483223607,136
14.0,14.0,0.0,0.17438209167403834,137
25.0,25.0,2.0,0.1742077095823643,138
112.0,112.0,10.0,0.17403350187278194,139
13.0,13.0,0.0,0.17385946837090915,140
23.0,23.0,1.0,0.17368560890253826,141
13.0,13.0,0.0,0.1735119232936357,142
13.0,13.0,0.0,0.1733384113703421,143
18.0,18.0,1.0,0.17316507295897174,144
13.0,13.0,0.0,0.17299190788601276,145
23.0,23.0,1.0,0.17281891597812676,146
25.0,25.0,2.0,0.17264609706214865,147
13.0,13.0,0.0,0.17247345096508648,148
23.0,23.0,1.0,0.1723009775141214,149
23.0,23.0,1.0,0.1721286765366073,150
10.0,10.0,0.0,0.1719565478600707,151
23.0,23.0,1.0,0.17178459131221063,152
12.0,12.0,0.0,0.17161280672089843,153
15.0,15.0,1.0,0.17144119391417753,154
33.0,33.0,2.0,0.17126975272026335,155
14.0,14.0,0.0,0.17109848296754307,156
23.0,23.0,1.0,0.17092738448457553,157
16.0,16.0,1.0,0.17075645710009096,158
13.0,13.0,0.0,0.17058570064299086,159
32.0,32.0,2.0,0.17041511494234787,160
13.0,13.0,0.0,0.17024469982740553,161
13.0,13.0,0.0,0.17007445512757813,162
33.0,33.0,2.0,0.16990438067245056,163
33.0,33.0,2.0,0.1697344762917781,164
23.0,23.0,1.0,0.1695647418154863,165
23.0,23.0,1.0,0.16939517707367083,166
18.0,18.0,1.0,0.16922578189659715,167
55.0,55.0,5.0,0.16905655611470055,168
13.0,13.0,0.0,0.16888749955858584,169
33.0,33.0,2.0,0.16871861205902725,170
23.0,23.0,1.0,0.16854989344696822,171
53.0,53.0,4.0,0.16838134355352125,172
43.0,43.0,3.0,0.16821296220996773,173
20.0,20.0,1.0,0.16804474924775775,174
43.0,43.0,3.0,0.16787670449851,175
8.0,8.0,0.0,0.1677088277940115,176
33.0,33.0,2.0,0.16754111896621748,177
13.0,13.0,0.0,0.16737357784725126,178
33.0,33.0,2.0,0.16720620426940402,179
13.0,13.0,0.0,0.16703899806513461,180
13.0,13.0,0.0,0.16687195906706948,181
103.0,103.0,9.0,0.16670508710800241,182
23.0,23.0,1.0,0.1665383820208944,183
24.0,24.0,1.0,0.16637184363887353,184
33.0,33.0,2.0,0.16620547179523465,185
23.0,23.0,1.0,0.1660392663234394,186
9.0,9.0,0.0,0.16587322705711596,187
27.0,27.0,2.0,0.16570735383005886,188
13.0,13.0,0.0,0.1655416464762288,189
56.0,56.0,5.0,0.16537610482975257,190
33.0,33.0,2.0,0.16521072872492282,191
13.0,13.0,0.0,0.1650455179961979,192
11.0,11.0,0.0,0.1648804724782017,193
14.0,14.0,0.0,0.1647155920057235,194
23.0,23.0,1.0,0.16455087641371777,195
106.0,106.0,10.0,0.16438632553730406,196
23.0,23.0,1.0,0.16422193921176675,197
13.0,13.0,0.0,0.164057717272555,198
31.0,31.0,2.0,0.16389365955528246,199
23.0,23.0,1.0,0.1637297658957272,200
23.0,23.0,1.0,0.16356603612983145,201
24.0,24.0,1.0,0.16340247009370162,202
23.0,23.0,1.0,0.16323906762360793,203
43.0,43.0,3.0,0.16307582855598432,204
23.0,23.0,1.0,0.16291275272742833,205
23.0,23.0,1.0,0.1627498399747009,206
11.0,11.0,0.0,0.16258709013472622,207
63.0,63.0,5.0,0.1624245030445915,208
53.0,53.0,4.0,0.1622620785415469,209
7.0,7.0,0.0,0.16209981646300534,210
23.0,23.0,1.0,0.16193771664654233,211
8.0,8.0,0.0,0.16177577892989578,212
23.0,23.0,1.0,0.16161400315096588,213
35.0,35.0,3.0,0.16145238914781493,214
53.0,53.0,4.0,0.16129093675866712,215
18.0,18.0,1.0,0.16112964582190845,216
43.0,43.0,3.0,0.16096851617608654,217
13.0,13.0,0.0,0.16080754765991045,218
42.0,42.0,3.0,0.16064674011225055,219
13.0,13.0,0.0,0.1604860933721383,220
22.0,22.0,1.0,0.16032560727876616,221
72.0,72.0,6.0,0.1601652816714874,222
23.0,23.0,1.0,0.1600051163898159,223
33.0,33.0,2.0,0.1598451112734261,224
22.0,22.0,1.0,0.15968526616215267,225
82.0,82.0,7.0,0.15952558089599053,226
51.0,51.0,4.0,0.15936605531509454,227
13.0,13.0,0.0,0.15920668925977943,228
73.0,73.0,6.0,0.15904748257051965,229
13.0,13.0,0.0,0.15888843508794914,230
33.0,33.0,2.0,0.15872954665286118,231
35.0,35.0,3.0,0.15857081710620832,232
12.0,12.0,0.0,0.1584122462891021,233
13.0,13.0,0.0,0.158253834042813,234
33.0,33.0,2.0,0.1580955802087702,235
22.0,22.0,1.0,0.15793748462856144,236
23.0,23.0,1.0,0.15777954714393289,237
13.0,13.0,0.0,0.15762176759678895,238
68.0,68.0,6.0,0.15746414582919216,239
13.0,13.0,0.0,0.15730668168336295,240
23.0,23.0,1.0,0.15714937500167958,241
13.0,13.0,0.0,0.1569922256266779,242
53.0,53.0,4.0,0.1568352334010512,243
17.0,17.0,1.0,0.15667839816765017,244
27.0,27.0,2.0,0.1565217197694825,245
53.0,53.0,4.0,0.15636519804971302,246
53.0,53.0,4.0,0.15620883285166332,247
63.0,63.0,5.0,0.15605262401881165,248
43.0,43.0,3.0,0.15589657139479285,249
24.0,24.0,1.0,0.15574067482339807,250
11.0,11.0,0.0,0.15558493414857466,251
67.0,67.0,6.0,0.15542934921442608,252
38.0,38.0,3.0,0.15527391986521166,253
31.0,31.0,2.0,0.15511864594534644,254
21.0,21.0,1.0,0.1549635272994011,255
8.0,8.0,0.0,0.1548085637721017,256
13.0,13.0,0.0,0.1546537552083296,257
13.0,13.0,0.0,0.1544991014531213,258
52.0,52.0,4.0,0.15434460235166816,259
19.0,19.0,1.0,0.1541902577493165,260
118.0,118.0,11.0,0.15403606749156717,261
43.0,43.0,3.0,0.1538820314240756,262
23.0,23.0,1.0,0.15372814939265153,263
92.0,92.0,8.0,0.15357442124325887,264
38.0,38.0,3.0,0.15342084682201562,265
13.0,13.0,0.0,0.1532674259751936,266
23.0,23.0,1.0,0.15311415854921842,267
16.0,16.0,1.0,0.1529610443906692,268
33.0,33.0,2.0,0.15280808334627854,269
4.0,4.0,0.0,0.15265527526293227,270
14.0,14.0,0.0,0.15250261998766934,271
16.0,16.0,1.0,0.15235011736768167,272
40.0,40.0,3.0,0.15219776725031398,273
13.0,13.0,0.0,0.15204556948306366,274
76.0,76.0,7.0,0.1518935239135806,275
22.0,22.0,1.0,0.151741630389667,276
33.0,33.0,2.0,0.15158988875927734,277
33.0,33.0,2.0,0.15143829887051807,278
103.0,103.0,9.0,0.15128686057164756,279
53.0,53.0,4.0,0.15113557371107592,280
11.0,11.0,0.0,0.15098443813736484,281
63.0,63.0,5.0,0.1508334536992275,282
21.0,21.0,1.0,0.15068262024552825,283
17.0,17.0,1.0,0.15053193762528272,284
73.0,73.0,6.0,0.15038140568765743,285
13.0,13.0,0.0,0.15023102428196977,286
13.0,13.0,0.0,0.1500807932576878,287
43.0,43.0,3.0,0.14993071246443013,288
13.0,13.0,0.0,0.14978078175196569,289
37.0,37.0,3.0,0.14963100097021373,290
65.0,65.0,6.0,0.14948136996924352,291
153.0,153.0,14.0,0.14933188859927427,292
13.0,13.0,0.0,0.14918255671067499,293
16.0,16.0,1.0,0.1490333741539643,294
123.0,123.0,11.0,0.14888434077981036,295
21.0,21.0,1.0,0.14873545643903055,296
73.0,73.0,6.0,0.1485867209825915,297
13.0,13.0,0.0,0.14843813426160893,298
37.0,37.0,3.0,0.14828969612734733,299
71.0,71.0,6.0,0.14814140643121998,300
43.0,43.0,3.0,0.14799326502478877,301
26.0,26.0,2.0,0.14784527175976397,302
53.0,53.0,4.0,0.1476974264880042,303
11.0,11.0,0.0,0.1475497290615162,304
63.0,63.0,5.0,0.14740217933245467,305
15.0,15.0,1.0,0.1472547771531222,306
13.0,13.0,0.0,0.14710752237596908,307
53.0,53.0,4.0,0.14696041485359312,308
68.0,68.0,6.0,0.14681345443873953,309
52.0,52.0,4.0,0.1466666409843008,310
29.0,29.0,2.0,0.14651997434331648,311
27.0,27.0,2.0,0.14637345436897317,312
43.0,43.0,3.0,0.1462270809146042,313
21.0,21.0,1.0,0.1460808538336896,314
36.0,36.0,3.0,0.1459347729798559,315
57.0,57.0,5.0,0.14578883820687605,316
37.0,37.0,3.0,0.14564304936866918,317
43.0,43.0,3.0,0.1454974063193005,318
15.0,15.0,1.0,0.1453519089129812,319
11.0,11.0,0.0,0.1452065570040682,320
23.0,23.0,1.0,0.14506135044706414,321
23.0,23.0,1.0,0.14491628909661708,322
4.0,4.0,0.0,0.14477137280752045,323
13.0,13.0,0.0,0.14462660143471293,324
11.0,11.0,0.0,0.1444819748332782,325
42.0,42.0,3.0,0.14433749285844494,326
13.0,13.0,0.0,0.1441931553655865,327
13.0,13.0,0.0,0.1440489622102209,328
23.0,23.0,1.0,0.1439049132480107,329
43.0,43.0,3.0,0.14376100833476269,330
5.0,5.0,0.0,0.14361724732642792,331
13.0,13.0,0.0,0.1434736300791015,332
23.0,23.0,1.0,0.1433301564490224,333
33.0,33.0,2.0,0.14318682629257337,334
13.0,13.0,0.0,0.1430436394662808,335
40.0,40.0,3.0,0.14290059582681452,336
83.0,83.0,7.0,0.14275769523098772,337
16.0,16.0,1.0,0.14261493753575674,338
90.0,90.0,8.0,0.14247232259822099,339
73.0,73.0,6.0,0.14232985027562275,340
23.0,23.0,1.0,0.14218752042534713,341
93.0,93.0,8.0,0.14204533290492177,342
53.0,53.0,4.0,0.14190328757201684,343
23.0,23.0,1.0,0.14176138428444482,344
13.0,13.0,0.0,0.14161962290016036,345
39.0,39.0,3.0,0.1414780032772602,346
14.0,14.0,0.0,0.14133652527398294,347
19.0,19.0,1.0,0.14119518874870896,348
37.0,37.0,3.0,0.14105399355996023,349
116.0,116.0,11.0,0.14091293956640027,350
53.0,53.0,4.0,0.14077202662683388,351
63.0,63.0,5.0,0.14063125460020706,352
13.0,13.0,0.0,0.14049062334560686,353
23.0,23.0,1.0,0.14035013272226124,354
66.0,66.0,6.0,0.14020978258953898,355
25.0,25.0,2.0,0.14006957280694943,356
16.0,16.0,1.0,0.13992950323414247,357
13.0,13.0,0.0,0.13978957373090833,358
8.0,8.0,0.0,0.13964978415717744,359
53.0,53.0,4.0,0.13951013437302026,360
33.0,33.0,2.0,0.13937062423864724,361
23.0,23.0,1.0,0.13923125361440858,362
23.0,23.0,1.0,0.13909202236079418,363
23.0,23.0,1.0,0.1389529303384334,364
43.0,43.0,3.0,0.13881397740809495,365
16.0,16.0,1.0,0.13867516343068687,366
35.0,35.0,3.0,0.13853648826725617,367
8.0,8.0,0.0,0.13839795177898892,368
43.0,43.0,3.0,0.13825955382720992,369
23.0,23.0,1.0,0.1381212942733827,370
26.0,26.0,2.0,0.13798317297910934,371
4.0,4.0,0.0,0.13784518980613022,372
31.0,31.0,2.0,0.13770734461632408,373
27.0,27.0,2.0,0.13756963727170776,374
47.0,47.0,4.0,0.13743206763443605,375
33.0,33.0,2.0,0.1372946355668016,376
41.0,41.0,3.0,0.1371573409312348,377
35.0,35.0,3.0,0.13702018359030357,378
23.0,23.0,1.0,0.13688316340671328,379
14.0,14.0,0.0,0.13674628024330657,380
83.0,83.0,7.0,0.13660953396306327,381
13.0,13.0,0.0,0.13647292442910022,382
48.0,48.0,4.0,0.13633645150467114,383
6.0,6.0,0.0,0.13620011505316645,384
85.0,85.0,8.0,0.1360639149381133,385
14.0,14.0,0.0,0.13592785102317517,386
73.0,73.0,6.0,0.135791923172152,387
23.0,23.0,1.0,0.13565613124897985,388
13.0,13.0,0.0,0.13552047511773088,389
53.0,53.0,4.0,0.13538495464261316,390
23.0,23.0,1.0,0.13524956968797056,391
22.0,22.0,1.0,0.1351143201182826,392
53.0,53.0,4.0,0.1349792057981643,393
43.0,43.0,3.0,0.13484422659236614,394
13.0,13.0,0.0,0.13470938236577376,395
53.0,53.0,4.0,0.134574672983408,396
33.0,33.0,2.0,0.13444009831042458,397
103.0,103.0,9.0,0.13430565821211415,398
63.0,63.0,5.0,0.13417135255390203,399
28.0,28.0,2.0,0.13403718120134814,400
47.0,47.0,4.0,0.1339031440201468,401
9.0,9.0,0.0,0.13376924087612665,402
23.0,23.0,1.0,0.13363547163525052,403
4.0,4.0,0.0,0.13350183616361527,404
73.0,73.0,6.0,0.13336833432745165,405
13.0,13.0,0.0,0.1332349659931242,406
33.0,33.0,2.0,0.13310173102713108,407
67.0,67.0,6.0,0.13296862929610395,408
113.0,113.0,10.0,0.13283566066680785,409
83.0,83.0,7.0,0.13270282500614106,410
23.0,23.0,1.0,0.13257012218113493,411
43.0,43.0,3.0,0.1324375520589538,412
25.0,25.0,2.0,0.13230511450689483,413
33.0,33.0,2.0,0.13217280939238793,414
45.0,45.0,4.0,0.13204063658299553,415
24.0,24.0,1.0,0.13190859594641252,416
21.0,21.0,1.0,0.1317766873504661,417
13.0,13.0,0.0,0.13164491066311565,418
101.0,101.0,9.0,0.13151326575245254,419
9.0,9.0,0.0,0.1313817524867001,420
33.0,33.0,2.0,0.1312503707342134,421
33.0,33.0,2.0,0.13111912036347917,422
33.0,33.0,2.0,0.1309880012431157,423
53.0,53.0,4.0,0.13085701324187257,424
83.0,83.0,7.0,0.1307261562286307,425
45.0,45.0,4.0,0.13059543007240207,426
23.0,23.0,1.0,0.13046483464232966,427
30.0,30.0,2.0,0.13033436980768734,428
73.0,73.0,6.0,0.13020403543787964,429
36.0,36.0,3.0,0.13007383140244178,430
113.0,113.0,10.0,0.12994375757103932,431
35.0,35.0,3.0,0.1298138138134683,432
43.0,43.0,3.0,0.12968399999965483,433
32.0,32.0,2.0,0.12955431599965517,434
32.0,32.0,2.0,0.12942476168365552,435
39.0,39.0,3.0,0.12929533692197187,436
23.0,23.0,1.0,0.1291660415850499,437
33.0,33.0,2.0,0.12903687554346485,438
17.0,17.0,1.0,0.12890783866792138,439
83.0,83.0,7.0,0.12877893082925346,440
82.0,82.0,7.0,0.12865015189842421,441
13.0,13.0,0.0,0.1285215017465258,442
13.0,13.0,0.0,0.12839298024477927,443
14.0,14.0,0.0,0.1282645872645345,444
12.0,12.0,0.0,0.12813632267726996,445
13.0,13.0,0.0,0.12800818635459268,446
5.0,5.0,0.0,0.1278801781682381,447
12.0,12.0,0.0,0.12775229799006987,448
13.0,13.0,0.0,0.12762454569207982,449
13.0,13.0,0.0,0.12749692114638775,450
28.0,28.0,2.0,0.12736942422524136,451
77.0,77.0,7.0,0.1272420548010161,452
8.0,8.0,0.0,0.12711481274621508,453
13.0,13.0,0.0,0.12698769793346887,454
45.0,45.0,4.0,0.1268607102355354,455
55.0,55.0,5.0,0.12673384952529987,456
73.0,73.0,6.0,0.12660711567577457,457
77.0,77.0,7.0,0.1264805085600988,458
25.0,25.0,2.0,0.1263540280515387,459
37.0,37.0,3.0,0.12622767402348717,460
123.0,123.0,11.0,0.1261014463494637,461
27.0,27.0,2.0,0.1259753449031142,462
13.0,13.0,0.0,0.1258493695582111,463
63.0,63.0,5.0,0.1257235201886529,464
84.0,84.0,7.0,0.12559779666846424,465
96.0,96.0,9.0,0.12547219887179578,466
48.0,48.0,4.0,0.12534672667292399,467
93.0,93.0,8.0,0.12522137994625107,468
166.0,166.0,16.0,0.12509615856630482,469
83.0,83.0,7.0,0.12497106240773852,470
33.0,33.0,2.0,0.12484609134533078,471
14.0,14.0,0.0,0.12472124525398545,472
23.0,23.0,1.0,0.12459652400873146,473
63.0,63.0,5.0,0.12447192748472273,474
27.0,27.0,2.0,0.124347455557238,475
93.0,93.0,8.0,0.12422310810168076,476
73.0,73.0,6.0,0.12409888499357907,477
94.0,94.0,8.0,0.12397478610858549,478
43.0,43.0,3.0,0.12385081132247691,479
93.0,93.0,8.0,0.12372696051115444,480
43.0,43.0,3.0,0.12360323355064327,481
63.0,63.0,5.0,0.12347963031709264,482
12.0,12.0,0.0,0.12335615068677555,483
72.0,72.0,6.0,0.12323279453608878,484
13.0,13.0,0.0,0.12310956174155269,485
26.0,26.0,2.0,0.12298645217981113,486
43.0,43.0,3.0,0.12286346572763132,487
26.0,26.0,2.0,0.12274060226190368,488
12.0,12.0,0.0,0.12261786165964178,489
127.0,127.0,12.0,0.12249524379798214,490
23.0,23.0,1.0,0.12237274855418416,491
13.0,13.0,0.0,0.12225037580562997,492
26.0,26.0,2.0,0.12212812542982435,493
73.0,73.0,6.0,0.12200599730439453,494
93.0,93.0,8.0,0.12188399130709013,495
43.0,43.0,3.0,0.12176210731578303,496
32.0,32.0,2.0,0.12164034520846725,497
73.0,73.0,6.0,0.12151870486325879,498
130.0,130.0,12.0,0.12139718615839554,499
20.0,20.0,1.0,0.12127578897223715,500
53.0,53.0,4.0,0.12115451318326491,501
93.0,93.0,8.0,0.12103335867008165,502
14.0,14.0,0.0,0.12091232531141156,503
16.0,16.0,1.0,0.12079141298610015,504
53.0,53.0,4.0,0.12067062157311405,505
16.0,16.0,1.0,0.12054995095154093,506
18.0,18.0,1.0,0.1204294010005894,507
93.0,93.0,8.0,0.12030897159958881,508
32.0,32.0,2.0,0.12018866262798922,509
83.0,83.0,7.0,0.12006847396536123,510
200.0,200.0,19.0,0.11994840549139586,511
108.0,108.0,10.0,0.11982845708590446,512
43.0,43.0,3.0,0.11970862862881856,513
40.0,40.0,3.0,0.11958892000018975,514
8.0,8.0,0.0,0.11946933108018956,515
32.0,32.0,2.0,0.11934986174910937,516
23.0,23.0,1.0,0.11923051188736027,517
23.0,23.0,1.0,0.1191112813754729,518
12.0,12.0,0.0,0.11899217009409743,519
23.0,23.0,1.0,0.11887317792400333,520
133.0,133.0,12.0,0.11875430474607933,521
13.0,13.0,0.0,0.11863555044133325,522
92.0,92.0,8.0,0.11851691489089192,523
84.0,84.0,7.0,0.11839839797600102,524
103.0,103.0,9.0,0.11827999957802501,525
53.0,53.0,4.0,0.11816171957844698,526
133.0,133.0,12.0,0.11804355785886854,527
67.0,67.0,6.0,0.11792551430100967,528
33.0,33.0,2.0,0.11780758878670866,529
23.0,23.0,1.0,0.11768978119792195,530
83.0,83.0,7.0,0.11757209141672403,531
93.0,93.0,8.0,0.11745451932530732,532
43.0,43.0,3.0,0.11733706480598201,533
23.0,23.0,1.0,0.11721972774117602,534
53.0,53.0,4.0,0.11710250801343484,535
83.0,83.0,7.0,0.11698540550542141,536
63.0,63.0,5.0,0.11686842009991599,537
133.0,133.0,12.0,0.11675155167981607,538
116.0,116.0,11.0,0.11663480012813626,539
43.0,43.0,3.0,0.11651816532800813,540
13.0,13.0,0.0,0.11640164716268012,541
18.0,18.0,1.0,0.11628524551551743,542
12.0,12.0,0.0,0.11616896027000191,543
68.0,68.0,6.0,0.11605279130973191,544
72.0,72.0,6.0,0.11593673851842218,545
155.0,155.0,15.0,0.11582080177990375,546
83.0,83.0,7.0,0.11570498097812384,547
34.0,34.0,2.0,0.11558927599714572,548
15.0,15.0,1.0,0.11547368672114858,549
32.0,32.0,2.0,0.11535821303442743,550
33.0,33.0,2.0,0.115242854821393,551
200.0,200.0,19.0,0.1151276119665716,552
8.0,8.0,0.0,0.11501248435460504,553
13.0,13.0,0.0,0.11489747187025043,554
36.0,36.0,3.0,0.11478257439838017,555
32.0,32.0,2.0,0.11466779182398179,556
76.0,76.0,7.0,0.11455312403215781,557
38.0,38.0,3.0,0.11443857090812565,558
45.0,45.0,4.0,0.11432413233721753,559
67.0,67.0,6.0,0.1142098082048803,560
13.0,13.0,0.0,0.11409559839667542,561
23.0,23.0,1.0,0.11398150279827875,562
13.0,13.0,0.0,0.11386752129548047,563
33.0,33.0,2.0,0.11375365377418499,564
13.0,13.0,0.0,0.11363990012041081,565
23.0,23.0,1.0,0.1135262602202904,566
42.0,42.0,3.0,0.11341273396007011,567
113.0,113.0,10.0,0.11329932122611004,568
32.0,32.0,2.0,0.11318602190488393,569
133.0,133.0,12.0,0.11307283588297905,570
23.0,23.0,1.0,0.11295976304709607,571
83.0,83.0,7.0,0.11284680328404897,572
73.0,73.0,6.0,0.11273395648076492,573
83.0,83.0,7.0,0.11262122252428416,574
33.0,33.0,2.0,0.11250860130175988,575
14.0,14.0,0.0,0.11239609270045813,576
13.0,13.0,0.0,0.11228369660775767,577
53.0,53.0,4.0,0.1121714129111499,578
58.0,58.0,5.0,0.11205924149823876,579
93.0,93.0,8.0,0.11194718225674052,580
14.0,14.0,0.0,0.11183523507448379,581
133.0,133.0,12.0,0.11172339983940931,582
28.0,28.0,2.0,0.1116116764395699,583
14.0,14.0,0.0,0.11150006476313033,584
23.0,23.0,1.0,0.1113885646983672,585
18.0,18.0,1.0,0.11127717613366885,586
117.0,117.0,11.0,0.11116589895753518,587
153.0,153.0,14.0,0.11105473305857765,588
13.0,13.0,0.0,0.11094367832551907,589
53.0,53.0,4.0,0.11083273464719355,590
83.0,83.0,7.0,0.11072190191254636,591
43.0,43.0,3.0,0.1106111800106338,592
63.0,63.0,5.0,0.11050056883062317,593
46.0,46.0,4.0,0.11039006826179255,594
43.0,43.0,3.0,0.11027967819353077,595
33.0,33.0,2.0,0.11016939851533723,596
12.0,12.0,0.0,0.1100592291168219,597
43.0,43.0,3.0,0.10994916988770508,598
85.0,85.0,8.0,0.10983922071781738,599
10.0,10.0,0.0,0.10972938149709956,600
54.0,54.0,4.0,0.10961965211560246,601
43.0,43.0,3.0,0.10951003246348685,602
13.0,13.0,0.0,0.10940052243102337,603
23.0,23.0,1.0,0.10929112190859235,604
18.0,18.0,1.0,0.10918183078668375,605
93.0,93.0,8.0,0.10907264895589706,606
18.0,18.0,1.0,0.10896357630694117,607
42.0,42.0,3.0,0.10885461273063424,608
35.0,35.0,3.0,0.1087457581179036,609
13.0,13.0,0.0,0.10863701235978569,610
33.0,33.0,2.0,0.1085283753474259,611
43.0,43.0,3.0,0.10841984697207847,612
23.0,23.0,1.0,0.1083114271251064,613
11.0,11.0,0.0,0.10820311569798129,614
13.0,13.0,0.0,0.1080949125822833,615
23.0,23.0,1.0,0.10798681766970103,616
97.0,97.0,9.0,0.10787883085203133,617
99.0,99.0,9.0,0.1077709520211793,618
43.0,43.0,3.0,0.10766318106915812,619
66.0,66.0,6.0,0.10755551788808897,620
53.0,53.0,4.0,0.10744796237020088,621
43.0,43.0,3.0,0.10734051440783068,622
18.0,18.0,1.0,0.10723317389342285,623
33.0,33.0,2.0,0.10712594071952942,624
45.0,45.0,4.0,0.1070188147788099,625
23.0,23.0,1.0,0.10691179596403108,626
23.0,23.0,1.0,0.10680488416806705,627
83.0,83.0,7.0,0.10669807928389899,628
33.0,33.0,2.0,0.10659138120461509,629
83.0,83.0,7.0,0.10648478982341048,630
13.0,13.0,0.0,0.10637830503358707,631
143.0,143.0,13.0,0.10627192672855348,632
73.0,73.0,6.0,0.10616565480182492,633
83.0,83.0,7.0,0.1060594891470231,634
35.0,35.0,3.0,0.10595342965787607,635
23.0,23.0,1.0,0.1058474762282182,636
66.0,66.0,6.0,0.10574162875198999,637
173.0,173.0,16.0,0.105635887123238,638
200.0,200.0,19.0,0.10553025123611476,639
56.0,56.0,5.0,0.10542472098487864,640
46.0,46.0,4.0,0.10531929626389376,641
33.0,33.0,2.0,0.10521397696762987,642
43.0,43.0,3.0,0.10510876299066224,643
33.0,33.0,2.0,0.10500365422767158,644
4.0,4.0,0.0,0.1048986505734439,645
108.0,108.0,10.0,0.10479375192287045,646
23.0,23.0,1.0,0.10468895817094757,647
43.0,43.0,3.0,0.10458426921277662,648
23.0,23.0,1.0,0.10447968494356384,649
43.0,43.0,3.0,0.10437520525862028,650
200.0,200.0,19.0,0.10427083005336166,651
83.0,83.0,7.0,0.1041665592233083,652
8.0,8.0,0.0,0.10406239266408499,653
33.0,33.0,2.0,0.1039583302714209,654
114.0,114.0,10.0,0.10385437194114948,655
33.0,33.0,2.0,0.10375051756920833,656
33.0,33.0,2.0,0.10364676705163912,657
79.0,79.0,7.0,0.10354312028458748,658
44.0,44.0,3.0,0.1034395771643029,659
143.0,143.0,13.0,0.1033361375871386,660
183.0,183.0,17.0,0.10323280144955145,661
20.0,20.0,1.0,0.1031295686481019,662
83.0,83.0,7.0,0.10302643907945379,663
5.0,5.0,0.0,0.10292341264037433,664
193.0,193.0,18.0,0.10282048922773396,665
83.0,83.0,7.0,0.10271766873850623,666
17.0,17.0,1.0,0.10261495106976772,667
18.0,18.0,1.0,0.10251233611869795,668
10.0,10.0,0.0,0.10240982378257925,669
30.0,30.0,2.0,0.10230741395879667,670
13.0,13.0,0.0,0.10220510654483787,671
42.0,42.0,3.0,0.10210290143829304,672
23.0,23.0,1.0,0.10200079853685474,673
63.0,63.0,5.0,0.10189879773831789,674
56.0,56.0,5.0,0.10179689894057957,675
23.0,23.0,1.0,0.101695102041639,676
126.0,126.0,12.0,0.10159340693959736,677
73.0,73.0,6.0,0.10149181353265775,678
105.0,105.0,10.0,0.1013903217191251,679
48.0,48.0,4.0,0.10128893139740597,680
165.0,165.0,16.0,0.10118764246600856,681
44.0,44.0,3.0,0.10108645482354255,682
14.0,14.0,0.0,0.100985368368719,683
147.0,147.0,14.0,0.10088438300035028,684
4.0,4.0,0.0,0.10078349861734993,685
10.0,10.0,0.0,0.10068271511873259,686
23.0,23.0,1.0,0.10058203240361385,687
13.0,13.0,0.0,0.10048145037121024,688
66.0,66.0,6.0,0.10038096892083903,689
23.0,23.0,1.0,0.10028058795191819,690
113.0,113.0,10.0,0.10018030736396627,691
49.0,49.0,4.0,0.1000801270566023,692
73.0,73.0,6.0,0.0999800469295457,693
42.0,42.0,3.0,0.09988006688261615,694
39.0,39.0,3.0,0.09978018681573353,695
15.0,15.0,1.0,0.09968040662891779,696
128.0,128.0,12.0,0.09958072622228888,697
13.0,13.0,0.0,0.09948114549606658,698
13.0,13.0,0.0,0.09938166435057051,699
53.0,53.0,4.0,0.09928228268621994,700
23.0,23.0,1.0,0.09918300040353373,701
23.0,23.0,1.0,0.0990838174031302,702
24.0,24.0,1.0,0.09898473358572707,703
12.0,12.0,0.0,0.09888574885214134,704
9.0,9.0,0.0,0.0987868631032892,705
13.0,13.0,0.0,0.09868807624018591,706
20.0,20.0,1.0,0.09858938816394573,707
45.0,45.0,4.0,0.09849079877578179,708
23.0,23.0,1.0,0.098392307977006,709
33.0,33.0,2.0,0.098293915669029,710
33.0,33.0,2.0,0.09819562175335997,711
63.0,63.0,5.0,0.0980974261316066,712
143.0,143.0,13.0,0.097999328705475,713
73.0,73.0,6.0,0.09790132937676951,714
163.0,163.0,15.0,0.09780342804739274,715
23.0,23.0,1.0,0.09770562461934534,716
167.0,167.0,16.0,0.097607918994726,717
165.0,165.0,16.0,0.09751031107573127,718
27.0,27.0,2.0,0.09741280076465554,719
23.0,23.0,1.0,0.09731538796389089,720
36.0,36.0,3.0,0.09721807257592699,721
33.0,33.0,2.0,0.09712085450335106,722
75.0,75.0,7.0,0.09702373364884771,723
73.0,73.0,6.0,0.09692670991519886,724
23.0,23.0,1.0,0.09682978320528367,725
89.0,89.0,8.0,0.09673295342207838,726
93.0,93.0,8.0,0.0966362204686563,727
200.0,200.0,19.0,0.09653958424818765,728
43.0,43.0,3.0,0.09644304466393946,729
23.0,23.0,1.0,0.09634660161927552,730
51.0,51.0,4.0,0.09625025501765624,731
6.0,6.0,0.0,0.09615400476263859,732
123.0,123.0,11.0,0.09605785075787596,733
82.0,82.0,7.0,0.09596179290711808,734
67.0,67.0,6.0,0.09586583111421096,735
33.0,33.0,2.0,0.09576996528309675,736
33.0,33.0,2.0,0.09567419531781365,737
33.0,33.0,2.0,0.09557852112249585,738
35.0,35.0,3.0,0.09548294260137336,739
25.0,25.0,2.0,0.09538745965877198,740
28.0,28.0,2.0,0.0952920721991132,741
83.0,83.0,7.0,0.09519678012691409,742
25.0,25.0,2.0,0.09510158334678717,743
63.0,63.0,5.0,0.09500648176344038,744
200.0,200.0,19.0,0.09491147528167694,745
108.0,108.0,10.0,0.09481656380639526,746
13.0,13.0,0.0,0.09472174724258886,747
145.0,145.0,14.0,0.09462702549534627,748
143.0,143.0,13.0,0.09453239846985093,749
13.0,13.0,0.0,0.09443786607138108,750
132.0,132.0,12.0,0.09434342820530969,751
51.0,51.0,4.0,0.09424908477710438,752
23.0,23.0,1.0,0.09415483569232727,753
188.0,188.0,18.0,0.09406068085663494,754
14.0,14.0,0.0,0.0939666201757783,755
115.0,115.0,11.0,0.09387265355560252,756
36.0,36.0,3.0,0.09377878090204692,757
23.0,23.0,1.0,0.09368500212114488,758
102.0,102.0,9.0,0.09359131711902373,759
123.0,123.0,11.0,0.0934977258019047,760
128.0,128.0,12.0,0.0934042280761028,761
53.0,53.0,4.0,0.09331082384802669,762
25.0,25.0,2.0,0.09321751302417866,763
13.0,13.0,0.0,0.09312429551115448,764
32.0,32.0,2.0,0.09303117121564332,765
33.0,33.0,2.0,0.09293814004442767,766
173.0,173.0,16.0,0.09284520190438325,767
49.0,49.0,4.0,0.09275235670247886,768
63.0,63.0,5.0,0.09265960434577639,769
60.0,60.0,5.0,0.09256694474143061,770
13.0,13.0,0.0,0.09247437779668918,771
33.0,33.0,2.0,0.09238190341889249,772
16.0,16.0,1.0,0.0922895215154736,773
43.0,43.0,3.0,0.09219723199395811,774
8.0,8.0,0.0,0.09210503476196416,775
53.0,53.0,4.0,0.0920129297272022,776
34.0,34.0,2.0,0.091920916797475,777
13.0,13.0,0.0,0.09182899588067751,778
20.0,20.0,1.0,0.09173716688479684,779
33.0,33.0,2.0,0.09164542971791205,780
153.0,153.0,14.0,0.09155378428819413,781
118.0,118.0,11.0,0.09146223050390594,782
138.0,138.0,13.0,0.09137076827340203,783
63.0,63.0,5.0,0.09127939750512863,784
23.0,23.0,1.0,0.0911881181076235,785
63.0,63.0,5.0,0.09109692998951588,786
107.0,107.0,10.0,0.09100583305952636,787
13.0,13.0,0.0,0.09091482722646684,788
46.0,46.0,4.0,0.09082391239924037,789
44.0,44.0,3.0,0.09073308848684113,790
7.0,7.0,0.0,0.09064235539835429,791
82.0,82.0,7.0,0.09055171304295594,792
17.0,17.0,1.0,0.09046116132991298,793
46.0,46.0,4.0,0.09037070016858308,794
63.0,63.0,5.0,0.0902803294684145,795
33.0,33.0,2.0,0.09019004913894609,796
63.0,63.0,5.0,0.09009985908980714,797
33.0,33.0,2.0,0.09000975923071733,798
23.0,23.0,1.0,0.0899197494714866,799
43.0,43.0,3.0,0.08982982972201511,800
163.0,163.0,15.0,0.0897399998922931,801
43.0,43.0,3.0,0.0896502598924008,802
43.0,43.0,3.0,0.0895606096325084,803
34.0,34.0,2.0,0.08947104902287589,804
43.0,43.0,3.0,0.08938157797385302,805
13.0,13.0,0.0,0.08929219639587917,806
13.0,13.0,0.0,0.08920290419948329,807
92.0,92.0,8.0,0.0891137012952838,808
144.0,144.0,13.0,0.08902458759398851,809
200.0,200.0,19.0,0.08893556300639452,810
63.0,63.0,5.0,0.08884662744338813,811
13.0,13.0,0.0,0.08875778081594474,812
49.0,49.0,4.0,0.08866902303512879,813
42.0,42.0,3.0,0.08858035401209366,814
135.0,135.0,13.0,0.08849177365808157,815
192.0,192.0,18.0,0.08840328188442349,816
23.0,23.0,1.0,0.08831487860253907,817
65.0,65.0,6.0,0.08822656372393653,818
136.0,136.0,13.0,0.08813833716021259,819
23.0,23.0,1.0,0.08805019882305237,820
163.0,163.0,15.0,0.08796214862422932,821
23.0,23.0,1.0,0.08787418647560509,822
55.0,55.0,5.0,0.08778631228912949,823
6.0,6.0,0.0,0.08769852597684036,824
63.0,63.0,5.0,0.08761082745086352,825
73.0,73.0,6.0,0.08752321662341266,826
23.0,23.0,1.0,0.08743569340678924,827
23.0,23.0,1.0,0.08734825771338245,828
58.0,58.0,5.0,0.08726090945566907,829
12.0,12.0,0.0,0.0871736485462134,830
53.0,53.0,4.0,0.08708647489766719,831
15.0,15.0,1.0,0.08699938842276952,832
85.0,85.0,8.0,0.08691238903434675,833
29.0,29.0,2.0,0.08682547664531241,834
200.0,200.0,19.0,0.0867386511686671,835
22.0,22.0,1.0,0.08665191251749843,836
84.0,84.0,7.0,0.08656526060498093,837
72.0,72.0,6.0,0.08647869534437595,838
13.0,13.0,0.0,0.08639221664903157,839
143.0,143.0,13.0,0.08630582443238254,840
83.0,83.0,7.0,0.08621951860795016,841
83.0,83.0,7.0,0.08613329908934221,842
13.0,13.0,0.0,0.08604716579025287,843
63.0,63.0,5.0,0.08596111862446262,844
33.0,33.0,2.0,0.08587515750583816,845
16.0,16.0,1.0,0.08578928234833232,846
36.0,36.0,3.0,0.08570349306598399,847
56.0,56.0,5.0,0.085617789572918,848
68.0,68.0,6.0,0.08553217178334509,849
49.0,49.0,4.0,0.08544663961156174,850
12.0,12.0,0.0,0.08536119297195018,851
15.0,15.0,1.0,0.08527583177897823,852
19.0,19.0,1.0,0.08519055594719925,853
112.0,112.0,10.0,0.08510536539125205,854
23.0,23.0,1.0,0.0850202600258608,855
23.0,23.0,1.0,0.08493523976583493,856
53.0,53.0,4.0,0.08485030452606909,857
147.0,147.0,14.0,0.08476545422154302,858
53.0,53.0,4.0,0.08468068876732147,859
73.0,73.0,6.0,0.08459600807855415,860
25.0,25.0,2.0,0.08451141207047559,861
105.0,105.0,10.0,0.08442690065840512,862
37.0,37.0,3.0,0.08434247375774671,863
45.0,45.0,4.0,0.08425813128398897,864
43.0,43.0,3.0,0.08417387315270498,865
63.0,63.0,5.0,0.08408969927955227,866
29.0,29.0,2.0,0.08400560958027273,867
25.0,25.0,2.0,0.08392160397069245,868
54.0,54.0,4.0,0.08383768236672176,869
95.0,95.0,9.0,0.08375384468435504,870
43.0,43.0,3.0,0.08367009083967068,871
200.0,200.0,19.0,0.083586420748831,872
23.0,23.0,1.0,0.08350283432808217,873
183.0,183.0,17.0,0.08341933149375409,874
103.0,103.0,9.0,0.08333591216226034,875
83.0,83.0,7.0,0.08325257625009808,876
43.0,43.0,3.0,0.08316932367384798,877
19.0,19.0,1.0,0.08308615435017414,878
20.0,20.0,1.0,0.08300306819582397,879
200.0,200.0,19.0,0.08292006512762815,880
83.0,83.0,7.0,0.08283714506250052,881
113.0,113.0,10.0,0.08275430791743801,882
200.0,200.0,19.0,0.08267155360952058,883
33.0,33.0,2.0,0.08258888205591106,884
29.0,29.0,2.0,0.08250629317385515,885
153.0,153.0,14.0,0.08242378688068129,886
58.0,58.0,5.0,0.0823413630938006,887
53.0,53.0,4.0,0.0822590217307068,888
193.0,193.0,18.0,0.0821767627089761,889
35.0,35.0,3.0,0.08209458594626712,890
23.0,23.0,1.0,0.08201249136032085,891
113.0,113.0,10.0,0.08193047886896053,892
49.0,49.0,4.0,0.08184854839009156,893
43.0,43.0,3.0,0.08176669984170147,894
30.0,30.0,2.0,0.08168493314185978,895
17.0,17.0,1.0,0.08160324820871792,896
4.0,4.0,0.0,0.0815216449605092,897
9.0,9.0,0.0,0.0814401233155487,898
24.0,24.0,1.0,0.08135868319223315,899
113.0,113.0,10.0,0.08127732450904092,900
53.0,53.0,4.0,0.08119604718453188,901
116.0,116.0,11.0,0.08111485113734736,902
52.0,52.0,4.0,0.08103373628621001,903
116.0,116.0,11.0,0.0809527025499238,904
23.0,23.0,1.0,0.08087174984737387,905
23.0,23.0,1.0,0.0807908780975265,906
13.0,13.0,0.0,0.08071008721942897,907
63.0,63.0,5.0,0.08062937713220955,908
12.0,12.0,0.0,0.08054874775507734,909
93.0,93.0,8.0,0.08046819900732226,910
135.0,135.0,13.0,0.08038773080831493,911
43.0,43.0,3.0,0.08030734307750662,912
10.0,10.0,0.0,0.0802270357344291,913
33.0,33.0,2.0,0.08014680869869467,914
92.0,92.0,8.0,0.08006666188999598,915
85.0,85.0,8.0,0.07998659522810599,916
153.0,153.0,14.0,0.07990660863287788,917
23.0,23.0,1.0,0.079826702024245,918
33.0,33.0,2.0,0.07974687532222074,919
39.0,39.0,3.0,0.07966712844689852,920
200.0,200.0,19.0,0.07958746131845162,921
53.0,53.0,4.0,0.07950787385713318,922
33.0,33.0,2.0,0.07942836598327604,923
55.0,55.0,5.0,0.07934893761729277,924
16.0,16.0,1.0,0.07926958867967547,925
200.0,200.0,19.0,0.07919031909099579,926
173.0,173.0,16.0,0.07911112877190479,927
80.0,80.0,7.0,0.07903201764313289,928
83.0,83.0,7.0,0.07895298562548976,929
113.0,113.0,10.0,0.07887403263986427,930
13.0,13.0,0.0,0.0787951586072244,931
68.0,68.0,6.0,0.07871636344861717,932
128.0,128.0,12.0,0.07863764708516856,933
27.0,27.0,2.0,0.07855900943808339,934
96.0,96.0,9.0,0.07848045042864531,935
183.0,183.0,17.0,0.07840196997821666,936
49.0,49.0,4.0,0.07832356800823845,937
23.0,23.0,1.0,0.0782452444402302,938
93.0,93.0,8.0,0.07816699919578997,939
63.0,63.0,5.0,0.07808883219659418,940
25.0,25.0,2.0,0.07801074336439759,941
58.0,58.0,5.0,0.07793273262103319,942
13.0,13.0,0.0,0.07785479988841215,943
23.0,23.0,1.0,0.07777694508852374,944
53.0,53.0,4.0,0.07769916814343522,945
55.0,55.0,5.0,0.07762146897529179,946
33.0,33.0,2.0,0.0775438475063165,947
13.0,13.0,0.0,0.07746630365881019,948
23.0,23.0,1.0,0.07738883735515138,949
93.0,93.0,8.0,0.07731144851779623,950
93.0,93.0,8.0,0.07723413706927842,951
133.0,133.0,12.0,0.07715690293220914,952
45.0,45.0,4.0,0.07707974602927693,953
193.0,193.0,18.0,0.07700266628324766,954
44.0,44.0,3.0,0.07692566361696442,955
158.0,158.0,15.0,0.07684873795334746,956
13.0,13.0,0.0,0.07677188921539412,957
188.0,188.0,18.0,0.07669511732617872,958
200.0,200.0,19.0,0.07661842220885254,959
55.0,55.0,5.0,0.07654180378664369,960
86.0,86.0,8.0,0.07646526198285704,961
15.0,15.0,1.0,0.07638879672087417,962
113.0,113.0,10.0,0.0763124079241533,963
200.0,200.0,19.0,0.07623609551622915,964
53.0,53.0,4.0,0.07615985942071292,965
83.0,83.0,7.0,0.07608369956129221,966
53.0,53.0,4.0,0.07600761586173092,967
83.0,83.0,7.0,0.0759316082458692,968
13.0,13.0,0.0,0.07585567663762333,969
23.0,23.0,1.0,0.0757798209609857,970
74.0,74.0,6.0,0.07570404114002471,971
23.0,23.0,1.0,0.07562833709888468,972
113.0,113.0,10.0,0.0755527087617858,973
14.0,14.0,0.0,0.075477156053024,974
33.0,33.0,2.0,0.07540167889697098,975
83.0,83.0,7.0,0.07532627721807401,976
23.0,23.0,1.0,0.07525095094085595,977
92.0,92.0,8.0,0.07517569998991509,978
53.0,53.0,4.0,0.07510052428992518,979
13.0,13.0,0.0,0.07502542376563526,980
84.0,84.0,7.0,0.07495039834186962,981
63.0,63.0,5.0,0.07487544794352775,982
103.0,103.0,9.0,0.07480057249558422,983
26.0,26.0,2.0,0.07472577192308864,984
118.0,118.0,11.0,0.07465104615116555,985
28.0,28.0,2.0,0.07457639510501439,986
63.0,63.0,5.0,0.07450181870990938,987
83.0,83.0,7.0,0.07442731689119947,988
103.0,103.0,9.0,0.07435288957430827,989
43.0,43.0,3.0,0.07427853668473397,990
53.0,53.0,4.0,0.07420425814804923,991
83.0,83.0,7.0,0.07413005388990118,992
43.0,43.0,3.0,0.07405592383601128,993
33.0,33.0,2.0,0.07398186791217527,994
103.0,103.0,9.0,0.0739078860442631,995
36.0,36.0,3.0,0.07383397815821884,996
23.0,23.0,1.0,0.07376014418006062,997
67.0,67.0,6.0,0.07368638403588056,998
178.0,178.0,17.0,0.07361269765184468,999
18.0,18.0,1.0,0.07353908495419284,1000
129.0,129.0,12.0,0.07346554586923865,1001
63.0,63.0,5.0,0.07339208032336941,1002
13.0,13.0,0.0,0.07331868824304605,1003
22.0,22.0,1.0,0.073245369554803,1004
63.0,63.0,5.0,0.0731721241852482,1005
33.0,33.0,2.0,0.07309895206106296,1006
43.0,43.0,3.0,0.07302585310900189,1007
83.0,83.0,7.0,0.07295282725589289,1008
85.0,85.0,8.0,0.072879874428637,1009
86.0,86.0,8.0,0.07280699455420836,1010
200.0,200.0,19.0,0.07273418755965415,1011
4.0,4.0,0.0,0.0726614533720945,1012
34.0,34.0,2.0,0.0725887919187224,1013
78.0,78.0,7.0,0.07251620312680368,1014
34.0,34.0,2.0,0.07244368692367688,1015
200.0,200.0,19.0,0.0723712432367532,1016
73.0,73.0,6.0,0.07229887199351645,1017
53.0,53.0,4.0,0.07222657312152293,1018
74.0,74.0,6.0,0.07215434654840142,1019
54.0,54.0,4.0,0.07208219220185301,1020
16.0,16.0,1.0,0.07201011000965116,1021
153.0,153.0,14.0,0.0719380998996415,1022
47.0,47.0,4.0,0.07186616179974187,1023
124.0,124.0,11.0,0.07179429563794212,1024
103.0,103.0,9.0,0.07172250134230418,1025
13.0,13.0,0.0,0.07165077884096187,1026
86.0,86.0,8.0,0.07157912806212091,1027
13.0,13.0,0.0,0.07150754893405879,1028
23.0,23.0,1.0,0.07143604138512473,1029
13.0,13.0,0.0,0.0713646053437396,1030
9.0,9.0,0.0,0.07129324073839587,1031
85.0,85.0,8.0,0.07122194749765746,1032
43.0,43.0,3.0,0.0711507255501598,1033
43.0,43.0,3.0,0.07107957482460965,1034
23.0,23.0,1.0,0.07100849524978504,1035
200.0,200.0,19.0,0.07093748675453526,1036
13.0,13.0,0.0,0.07086654926778073,1037
182.0,182.0,17.0,0.07079568271851294,1038
32.0,32.0,2.0,0.07072488703579442,1039
33.0,33.0,2.0,0.07065416214875862,1040
68.0,68.0,6.0,0.07058350798660987,1041
154.0,154.0,14.0,0.07051292447862326,1042
63.0,63.0,5.0,0.07044241155414463,1043
35.0,35.0,3.0,0.07037196914259049,1044
66.0,66.0,6.0,0.0703015971734479,1045
133.0,133.0,12.0,0.07023129557627446,1046
38.0,38.0,3.0,0.07016106428069818,1047
35.0,35.0,3.0,0.07009090321641748,1048
89.0,89.0,8.0,0.07002081231320106,1049
123.0,123.0,11.0,0.06995079150088786,1050
128.0,128.0,12.0,0.06988084070938697,1051
53.0,53.0,4.0,0.06981095986867758,1052
133.0,133.0,12.0,0.0697411489088089,1053
103.0,103.0,9.0,0.06967140775990009,1054
63.0,63.0,5.0,0.06960173635214019,1055
43.0,43.0,3.0,0.06953213461578805,1056
23.0,23.0,1.0,0.06946260248117227,1057
200.0,200.0,19.0,0.0693931398786911,1058
200.0,200.0,19.0,0.0693237467388124,1059
200.0,200.0,19.0,0.0692544229920736,1060
143.0,143.0,13.0,0.06918516856908152,1061
123.0,123.0,11.0,0.06911598340051245,1062
23.0,23.0,1.0,0.06904686741711194,1063
53.0,53.0,4.0,0.06897782054969483,1064
83.0,83.0,7.0,0.06890884272914513,1065
15.0,15.0,1.0,0.06883993388641599,1066
200.0,200.0,19.0,0.06877109395252957,1067
198.0,198.0,19.0,0.06870232285857704,1068
72.0,72.0,6.0,0.06863362053571846,1069
28.0,28.0,2.0,0.06856498691518274,1070
93.0,93.0,8.0,0.06849642192826756,1071
93.0,93.0,8.0,0.06842792550633929,1072
36.0,36.0,3.0,0.06835949758083296,1073
114.0,114.0,10.0,0.06829113808325213,1074
115.0,115.0,11.0,0.06822284694516888,1075
43.0,43.0,3.0,0.0681546240982237,1076
23.0,23.0,1.0,0.06808646947412549,1077
113.0,113.0,10.0,0.06801838300465136,1078
13.0,13.0,0.0,0.06795036462164672,1079
12.0,12.0,0.0,0.06788241425702507,1080
53.0,53.0,4.0,0.06781453184276805,1081
33.0,33.0,2.0,0.06774671731092528,1082
63.0,63.0,5.0,0.06767897059361436,1083
43.0,43.0,3.0,0.06761129162302074,1084
68.0,68.0,6.0,0.06754368033139771,1085
17.0,17.0,1.0,0.06747613665106632,1086
23.0,23.0,1.0,0.06740866051441526,1087
200.0,200.0,19.0,0.06734125185390084,1088
75.0,75.0,7.0,0.06727391060204695,1089
45.0,45.0,4.0,0.0672066366914449,1090
113.0,113.0,10.0,0.06713943005475345,1091
36.0,36.0,3.0,0.0670722906246987,1092
38.0,38.0,3.0,0.06700521833407401,1093
183.0,183.0,17.0,0.06693821311573994,1094
23.0,23.0,1.0,0.0668712749026242,1095
33.0,33.0,2.0,0.06680440362772158,1096
200.0,200.0,19.0,0.06673759922409386,1097
93.0,93.0,8.0,0.06667086162486976,1098
13.0,13.0,0.0,0.06660419076324489,1099
23.0,23.0,1.0,0.06653758657248164,1100
35.0,35.0,3.0,0.06647104898590916,1101
153.0,153.0,14.0,0.06640457793692325,1102
113.0,113.0,10.0,0.06633817335898633,1103
63.0,63.0,5.0,0.06627183518562733,1104
22.0,22.0,1.0,0.06620556335044171,1105
133.0,133.0,12.0,0.06613935778709128,1106
13.0,13.0,0.0,0.06607321842930419,1107
200.0,200.0,19.0,0.06600714521087489,1108
179.0,179.0,17.0,0.06594113806566401,1109
200.0,200.0,19.0,0.06587519692759834,1110
105.0,105.0,10.0,0.06580932173067075,1111
59.0,59.0,5.0,0.06574351240894008,1112
73.0,73.0,6.0,0.06567776889653114,1113
16.0,16.0,1.0,0.06561209112763461,1114
63.0,63.0,5.0,0.06554647903650697,1115
26.0,26.0,2.0,0.06548093255747046,1116
23.0,23.0,1.0,0.065415451624913,1117
138.0,138.0,13.0,0.06535003617328808,1118
143.0,143.0,13.0,0.06528468613711479,1119
23.0,23.0,1.0,0.06521940145097767,1120
83.0,83.0,7.0,0.0651541820495267,1121
68.0,68.0,6.0,0.06508902786747717,1122
65.0,65.0,6.0,0.06502393883960969,1123
12.0,12.0,0.0,0.06495891490077008,1124
18.0,18.0,1.0,0.0648939559858693,1125
27.0,27.0,2.0,0.06482906202988344,1126
168.0,168.0,16.0,0.06476423296785355,1127
23.0,23.0,1.0,0.0646994687348857,1128
43.0,43.0,3.0,0.06463476926615082,1129
63.0,63.0,5.0,0.06457013449688467,1130
35.0,35.0,3.0,0.06450556436238779,1131
105.0,105.0,10.0,0.0644410587980254,1132
4.0,4.0,0.0,0.06437661773922738,1133
23.0,23.0,1.0,0.06431224112148816,1134
126.0,126.0,12.0,0.06424792888036666,1135
200.0,200.0,19.0,0.0641836809514863,1136
8.0,8.0,0.0,0.06411949727053481,1137
13.0,13.0,0.0,0.06405537777326428,1138
12.0,12.0,0.0,0.06399132239549102,1139
200.0,200.0,19.0,0.06392733107309553,1140
58.0,58.0,5.0,0.06386340374202244,1141
177.0,177.0,17.0,0.06379954033828042,1142
36.0,36.0,3.0,0.06373574079794214,1143
200.0,200.0,19.0,0.0636720050571442,1144
63.0,63.0,5.0,0.06360833305208705,1145
33.0,33.0,2.0,0.06354472471903495,1146
53.0,53.0,4.0,0.06348117999431592,1147
165.0,165.0,16.0,0.0634176988143216,1148
43.0,43.0,3.0,0.06335428111550728,1149
40.0,40.0,3.0,0.06329092683439178,1150
96.0,96.0,9.0,0.06322763590755738,1151
103.0,103.0,9.0,0.06316440827164982,1152
15.0,15.0,1.0,0.06310124386337818,1153
45.0,45.0,4.0,0.06303814261951479,1154
133.0,133.0,12.0,0.06297510447689528,1155
200.0,200.0,19.0,0.06291212937241838,1156
88.0,88.0,8.0,0.06284921724304597,1157
200.0,200.0,19.0,0.06278636802580292,1158
15.0,15.0,1.0,0.06272358165777712,1159
8.0,8.0,0.0,0.06266085807611935,1160
50.0,50.0,4.0,0.06259819721804323,1161
45.0,45.0,4.0,0.06253559902082519,1162
109.0,109.0,10.0,0.06247306342180436,1163
113.0,113.0,10.0,0.062410590358382555,1164
39.0,39.0,3.0,0.06234817976802417,1165
33.0,33.0,2.0,0.062285831588256145,1166
148.0,148.0,14.0,0.062223545756667886,1167
73.0,73.0,6.0,0.06216132221091122,1168
148.0,148.0,14.0,0.06209916088870031,1169
23.0,23.0,1.0,0.06203706172781161,1170
200.0,200.0,19.0,0.061975024666083796,1171
17.0,17.0,1.0,0.061913049641417715,1172
55.0,55.0,5.0,0.061851136591776296,1173
23.0,23.0,1.0,0.06178928545518452,1174
13.0,13.0,0.0,0.061727496169729335,1175
75.0,75.0,7.0,0.06166576867355961,1176
94.0,94.0,8.0,0.06160410290488605,1177
46.0,46.0,4.0,0.06154249880198116,1178
72.0,72.0,6.0,0.06148095630317918,1179
86.0,86.0,8.0,0.061419475346876,1180
44.0,44.0,3.0,0.06135805587152913,1181
32.0,32.0,2.0,0.0612966978156576,1182
123.0,123.0,11.0,0.061235401117841946,1183
22.0,22.0,1.0,0.061174165716724106,1184
28.0,28.0,2.0,0.061112991551007384,1185
37.0,37.0,3.0,0.061051878559456374,1186
97.0,97.0,9.0,0.06099082668089692,1187
4.0,4.0,0.0,0.060929835854216026,1188
13.0,13.0,0.0,0.06086890601836181,1189
33.0,33.0,2.0,0.06080803711234345,1190
72.0,72.0,6.0,0.060747229075231106,1191
93.0,93.0,8.0,0.060686481846155875,1192
57.0,57.0,5.0,0.06062579536430972,1193
200.0,200.0,19.0,0.06056516956894541,1194
63.0,63.0,5.0,0.06050460439937646,1195
106.0,106.0,10.0,0.060444099794977085,1196
133.0,133.0,12.0,0.06038365569518211,1197
200.0,200.0,19.0,0.060323272039486925,1198
68.0,68.0,6.0,0.060262948767447436,1199
23.0,23.0,1.0,0.06020268581867999,1200
28.0,28.0,2.0,0.06014248313286131,1201
173.0,173.0,16.0,0.06008234064972845,1202
118.0,118.0,11.0,0.06002225830907872,1203
43.0,43.0,3.0,0.05996223605076965,1204
23.0,23.0,1.0,0.059902273814718875,1205
25.0,25.0,2.0,0.05984237154090415,1206
85.0,85.0,8.0,0.05978252916936325,1207
105.0,105.0,10.0,0.059722746640193884,1208
45.0,45.0,4.0,0.05966302389355369,1209
55.0,55.0,5.0,0.05960336086966014,1210
33.0,33.0,2.0,0.05954375750879048,1211
53.0,53.0,4.0,0.059484213751281684,1212
4.0,4.0,0.0,0.059424729537530405,1213
93.0,93.0,8.0,0.059365304807992875,1214
79.0,79.0,7.0,0.059305939503184885,1215
25.0,25.0,2.0,0.0592466335636817,1216
124.0,124.0,11.0,0.05918738693011802,1217
33.0,33.0,2.0,0.059128199543187904,1218
39.0,39.0,3.0,0.05906907134364472,1219
13.0,13.0,0.0,0.05901000227230107,1220
23.0,23.0,1.0,0.05895099227002877,1221
125.0,125.0,12.0,0.05889204127775874,1222
63.0,63.0,5.0,0.05883314923648098,1223
113.0,113.0,10.0,0.0587743160872445,1224
73.0,73.0,6.0,0.05871554177115726,1225
63.0,63.0,5.0,0.0586568262293861,1226
43.0,43.0,3.0,0.058598169403156715,1227
13.0,13.0,0.0,0.05853957123375356,1228
62.0,62.0,5.0,0.058481031662519806,1229
93.0,93.0,8.0,0.05842255063085729,1230
83.0,83.0,7.0,0.05836412808022643,1231
43.0,43.0,3.0,0.058305763952146206,1232
43.0,43.0,3.0,0.05824745818819406,1233
26.0,26.0,2.0,0.058189210730005866,1234
12.0,12.0,0.0,0.05813102151927586,1235
14.0,14.0,0.0,0.05807289049775659,1236
28.0,28.0,2.0,0.05801481760725883,1237
16.0,16.0,1.0,0.05795680278965157,1238
15.0,15.0,1.0,0.057898845986861916,1239
20.0,20.0,1.0,0.05784094714087505,1240
113.0,113.0,10.0,0.057783106193734175,1241
23.0,23.0,1.0,0.05772532308754044,1242
43.0,43.0,3.0,0.057667597764452905,1243
15.0,15.0,1.0,0.05760993016668845,1244
173.0,173.0,16.0,0.057552320236521765,1245
63.0,63.0,5.0,0.057494767916285244,1246
123.0,123.0,11.0,0.05743727314836896,1247
102.0,102.0,9.0,0.05737983587522059,1248
78.0,78.0,7.0,0.05732245603934537,1249
106.0,106.0,10.0,0.057265133583306024,1250
83.0,83.0,7.0,0.05720786844972272,1251
173.0,173.0,16.0,0.057150660581272994,1252
35.0,35.0,3.0,0.05709350992069172,1253
23.0,23.0,1.0,0.05703641641077103,1254
53.0,53.0,4.0,0.05697937999436026,1255
76.0,76.0,7.0,0.056922400614365896,1256
93.0,93.0,8.0,0.05686547821375153,1257
63.0,63.0,5.0,0.05680861273553778,1258
200.0,200.0,19.0,0.056751804122802244,1259
200.0,200.0,19.0,0.05669505231867944,1260
73.0,73.0,6.0,0.05663835726636076,1261
63.0,63.0,5.0,0.0565817189090944,1262
85.0,85.0,8.0,0.05652513719018531,1263
200.0,200.0,19.0,0.056468612052995124,1264
25.0,25.0,2.0,0.05641214344094213,1265
13.0,13.0,0.0,0.05635573129750118,1266
13.0,13.0,0.0,0.05629937556620368,1267
103.0,103.0,9.0,0.056243076190637474,1268
200.0,200.0,19.0,0.05618683311444684,1269
27.0,27.0,2.0,0.056130646281332394,1270
62.0,62.0,5.0,0.05607451563505106,1271
63.0,63.0,5.0,0.05601844111941601,1272
26.0,26.0,2.0,0.05596242267829659,1273
83.0,83.0,7.0,0.055906460255618295,1274
200.0,200.0,19.0,0.055850553795362676,1275
48.0,48.0,4.0,0.055794703241567316,1276
166.0,166.0,16.0,0.05573890853832575,1277
13.0,13.0,0.0,0.05568316962978742,1278
176.0,176.0,17.0,0.05562748646015763,1279
194.0,194.0,18.0,0.05557185897369747,1280
83.0,83.0,7.0,0.05551628711472378,1281
113.0,113.0,10.0,0.05546077082760905,1282
200.0,200.0,19.0,0.05540531005678144,1283
108.0,108.0,10.0,0.05534990474672466,1284
67.0,67.0,6.0,0.055294554841977935,1285
33.0,33.0,2.0,0.05523926028713596,1286
200.0,200.0,19.0,0.05518402102684882,1287
200.0,200.0,19.0,0.055128837005821975,1288
15.0,15.0,1.0,0.055073708168816154,1289
200.0,200.0,19.0,0.05501863446064734,1290
73.0,73.0,6.0,0.05496361582618669,1291
63.0,63.0,5.0,0.0549086522103605,1292
43.0,43.0,3.0,0.05485374355815014,1293
193.0,193.0,18.0,0.05479888981459199,1294
33.0,33.0,2.0,0.054744090924777396,1295
55.0,55.0,5.0,0.05468934683385262,1296
33.0,33.0,2.0,0.05463465748701877,1297
200.0,200.0,19.0,0.05458002282953175,1298
16.0,16.0,1.0,0.05452544280670222,1299
23.0,23.0,1.0,0.05447091736389552,1300
13.0,13.0,0.0,0.054416446446531624,1301
43.0,43.0,3.0,0.05436203000008509,1302
200.0,200.0,19.0,0.054307667970085,1303
75.0,75.0,7.0,0.05425336030211492,1304
49.0,49.0,4.0,0.054199106941812805,1305
113.0,113.0,10.0,0.05414490783487099,1306
166.0,166.0,16.0,0.05409076292703612,1307
185.0,185.0,18.0,0.05403667216410909,1308
95.0,95.0,9.0,0.05398263549194498,1309
55.0,55.0,5.0,0.053928652856453034,1310
163.0,163.0,15.0,0.05387472420359658,1311
86.0,86.0,8.0,0.05382084947939299,1312
103.0,103.0,9.0,0.053767028629913595,1313
53.0,53.0,4.0,0.05371326160128368,1314
105.0,105.0,10.0,0.053659548339682395,1315
43.0,43.0,3.0,0.05360588879134271,1316
14.0,14.0,0.0,0.05355228290255137,1317
125.0,125.0,12.0,0.05349873061964881,1318
97.0,97.0,9.0,0.053445231889029166,1319
163.0,163.0,15.0,0.05339178665714014,1320
53.0,53.0,4.0,0.053338394870482995,1321
85.0,85.0,8.0,0.05328505647561251,1322
123.0,123.0,11.0,0.053231771419136896,1323
186.0,186.0,18.0,0.05317853964771776,1324
73.0,73.0,6.0,0.05312536110807004,1325
15.0,15.0,1.0,0.053072235746961974,1326
83.0,83.0,7.0,0.05301916351121501,1327
200.0,200.0,19.0,0.052966144347703796,1328
79.0,79.0,7.0,0.052913178203356094,1329
93.0,93.0,8.0,0.05286026502515274,1330
54.0,54.0,4.0,0.05280740476012759,1331
43.0,43.0,3.0,0.05275459735536746,1332
193.0,193.0,18.0,0.05270184275801209,1333
43.0,43.0,3.0,0.05264914091525408,1334
133.0,133.0,12.0,0.052596491774338824,1335
200.0,200.0,19.0,0.052543895282564486,1336
93.0,93.0,8.0,0.05249135138728192,1337
63.0,63.0,5.0,0.05243886003589464,1338
13.0,13.0,0.0,0.05238642117585875,1339
43.0,43.0,3.0,0.05233403475468289,1340
175.0,175.0,17.0,0.0522817007199282,1341
22.0,22.0,1.0,0.05222941901920827,1342
53.0,53.0,4.0,0.052177189600189064,1343
200.0,200.0,19.0,0.052125012410588874,1344
123.0,123.0,11.0,0.05207288739817829,1345
123.0,123.0,11.0,0.05202081451078011,1346
103.0,103.0,9.0,0.05196879369626933,1347
200.0,200.0,19.0,0.051916824902573065,1348
73.0,73.0,6.0,0.05186490807767049,1349
33.0,33.0,2.0,0.05181304316959282,1350
103.0,103.0,9.0,0.05176123012642323,1351
161.0,161.0,15.0,0.05170946889629681,1352
195.0,195.0,19.0,0.051657759427400515,1353
23.0,23.0,1.0,0.051606101667973116,1354
143.0,143.0,13.0,0.05155449556630514,1355
200.0,200.0,19.0,0.051502941070738835,1356
193.0,193.0,18.0,0.0514514381296681,1357
102.0,102.0,9.0,0.05139998669153843,1358
30.0,30.0,2.0,0.05134858670484689,1359
67.0,67.0,6.0,0.05129723811814205,1360
173.0,173.0,16.0,0.051245940880023905,1361
200.0,200.0,19.0,0.05119469493914388,1362
63.0,63.0,5.0,0.051143500244204734,1363
74.0,74.0,6.0,0.05109235674396053,1364
43.0,43.0,3.0,0.05104126438721657,1365
73.0,73.0,6.0,0.05099022312282935,1366
23.0,23.0,1.0,0.050939232899706526,1367
185.0,185.0,18.0,0.05088829366680682,1368
83.0,83.0,7.0,0.050837405373140014,1369
103.0,103.0,9.0,0.05078656796776687,1370
33.0,33.0,2.0,0.050735781399799104,1371
43.0,43.0,3.0,0.0506850456183993,1372
200.0,200.0,19.0,0.0506343605727809,1373
200.0,200.0,19.0,0.05058372621220812,1374
200.0,200.0,19.0,0.05053314248599591,1375
23.0,23.0,1.0,0.05048260934350992,1376
200.0,200.0,19.0,0.05043212673416641,1377
55.0,55.0,5.0,0.05038169460743224,1378
23.0,23.0,1.0,0.05033131291282481,1379
200.0,200.0,19.0,0.050280981599911984,1380
48.0,48.0,4.0,0.05023070061831207,1381
17.0,17.0,1.0,0.05018046991769376,1382
200.0,200.0,19.0,0.05013028944777607,1383
66.0,66.0,6.0,0.050080159158328294,1384
13.0,13.0,0.0,0.05003007899916997,1385
183.0,183.0,17.0,0.0499800489201708,1386
44.0,44.0,3.0,0.04993006887125063,1387
73.0,73.0,6.0,0.049880138802379376,1388
83.0,83.0,7.0,0.049830258663576994,1389
25.0,25.0,2.0,0.04978042840491342,1390
15.0,15.0,1.0,0.0497306479765085,1391
33.0,33.0,2.0,0.04968091732853199,1392
33.0,33.0,2.0,0.04963123641120346,1393
93.0,93.0,8.0,0.04958160517479226,1394
63.0,63.0,5.0,0.049532023569617466,1395
18.0,18.0,1.0,0.04948249154604785,1396
132.0,132.0,12.0,0.0494330090545018,1397
35.0,35.0,3.0,0.0493835760454473,1398
63.0,63.0,5.0,0.04933419246940185,1399
26.0,26.0,2.0,0.04928485827693245,1400
143.0,143.0,13.0,0.04923557341865552,1401
23.0,23.0,1.0,0.04918633784523686,1402
23.0,23.0,1.0,0.049137151507391626,1403
13.0,13.0,0.0,0.04908801435588423,1404
200.0,200.0,19.0,0.049038926341528344,1405
73.0,73.0,6.0,0.04898988741518682,1406
43.0,43.0,3.0,0.04894089752777163,1407
200.0,200.0,19.0,0.04889195663024386,1408
65.0,65.0,6.0,0.048843064673613615,1409
33.0,33.0,2.0,0.04879422160894,1410
59.0,59.0,5.0,0.048745427387331064,1411
73.0,73.0,6.0,0.048696681959943734,1412
23.0,23.0,1.0,0.04864798527798379,1413
50.0,50.0,4.0,0.04859933729270581,1414
35.0,35.0,3.0,0.048550737955413106,1415
83.0,83.0,7.0,0.04850218721745769,1416
16.0,16.0,1.0,0.04845368503024024,1417
73.0,73.0,6.0,0.04840523134521,1418
15.0,15.0,1.0,0.04835682611386479,1419
53.0,53.0,4.0,0.04830846928775093,1420
33.0,33.0,2.0,0.048260160818463176,1421
97.0,97.0,9.0,0.04821190065764471,1422
32.0,32.0,2.0,0.048163688756987066,1423
200.0,200.0,19.0,0.04811552506823008,1424
33.0,33.0,2.0,0.04806740954316185,1425
103.0,103.0,9.0,0.048019342133618685,1426
26.0,26.0,2.0,0.04797132279148507,1427
93.0,93.0,8.0,0.04792335146869359,1428
185.0,185.0,18.0,0.047875428117224894,1429
23.0,23.0,1.0,0.04782755268910767,1430
156.0,156.0,15.0,0.04777972513641856,1431
43.0,43.0,3.0,0.04773194541128214,1432
33.0,33.0,2.0,0.04768421346587086,1433
33.0,33.0,2.0,0.04763652925240499,1434
33.0,33.0,2.0,0.04758889272315259,1435
13.0,13.0,0.0,0.047541303830429434,1436
163.0,163.0,15.0,0.047493762526599,1437
123.0,123.0,11.0,0.0474462687640724,1438
200.0,200.0,19.0,0.04739882249530833,1439
163.0,163.0,15.0,0.047351423672813024,1440
14.0,14.0,0.0,0.04730407224914021,1441
13.0,13.0,0.0,0.04725676817689107,1442
106.0,106.0,10.0,0.047209511408714176,1443
43.0,43.0,3.0,0.04716230189730546,1444
9.0,9.0,0.0,0.04711513959540816,1445
43.0,43.0,3.0,0.047068024455812756,1446
200.0,200.0,19.0,0.047020956431356946,1447
153.0,153.0,14.0,0.046973935474925586,1448
23.0,23.0,1.0,0.04692696153945066,1449
200.0,200.0,19.0,0.04688003457791121,1450
83.0,83.0,7.0,0.046833154543333304,1451
200.0,200.0,19.0,0.04678632138878997,1452
24.0,24.0,1.0,0.04673953506740118,1453
183.0,183.0,17.0,0.046692795532333776,1454
45.0,45.0,4.0,0.04664610273680144,1455
113.0,113.0,10.0,0.04659945663406464,1456
79.0,79.0,7.0,0.04655285717743057,1457
23.0,23.0,1.0,0.04650630432025314,1458
200.0,200.0,19.0,0.04645979801593289,1459
113.0,113.0,10.0,0.04641333821791696,1460
33.0,33.0,2.0,0.04636692487969905,1461
83.0,83.0,7.0,0.04632055795481935,1462
53.0,53.0,4.0,0.04627423739686453,1463
193.0,193.0,18.0,0.046227963159467665,1464
143.0,143.0,13.0,0.0461817351963082,1465
193.0,193.0,18.0,0.046135553461111894,1466
200.0,200.0,19.0,0.04608941790765078,1467
200.0,200.0,19.0,0.04604332848974313,1468
23.0,23.0,1.0,0.045997285161253385,1469
23.0,23.0,1.0,0.04595128787609213,1470
66.0,66.0,6.0,0.045905336588216036,1471
34.0,34.0,2.0,0.04585943125162782,1472
200.0,200.0,19.0,0.045813571820376195,1473
200.0,200.0,19.0,0.04576775824855582,1474
99.0,99.0,9.0,0.045721990490307264,1475
23.0,23.0,1.0,0.04567626849981696,1476
45.0,45.0,4.0,0.045630592231317144,1477
153.0,153.0,14.0,0.045584961639085826,1478
200.0,200.0,19.0,0.04553937667744674,1479
200.0,200.0,19.0,0.045493837300769294,1480
13.0,13.0,0.0,0.04544834346346852,1481
200.0,200.0,19.0,0.04540289512000505,1482
200.0,200.0,19.0,0.04535749222488505,1483
56.0,56.0,5.0,0.045312134732660166,1484
193.0,193.0,18.0,0.045266822597927504,1485
33.0,33.0,2.0,0.045221555775329575,1486
123.0,123.0,11.0,0.04517633421955425,1487
153.0,153.0,14.0,0.04513115788533469,1488
23.0,23.0,1.0,0.04508602672744936,1489
63.0,63.0,5.0,0.04504094070072191,1490
23.0,23.0,1.0,0.04499589976002119,1491
200.0,200.0,19.0,0.04495090386026117,1492
53.0,53.0,4.0,0.04490595295640091,1493
200.0,200.0,19.0,0.04486104700344451,1494
133.0,133.0,12.0,0.04481618595644107,1495
105.0,105.0,10.0,0.044771369770484626,1496
23.0,23.0,1.0,0.04472659840071414,1497
53.0,53.0,4.0,0.04468187180231343,1498
200.0,200.0,19.0,0.04463718993051111,1499
200.0,200.0,19.0,0.044592552740580604,1500
200.0,200.0,19.0,0.044547960187840026,1501
23.0,23.0,1.0,0.04450341222765219,1502
26.0,26.0,2.0,0.04445890881542454,1503
53.0,53.0,4.0,0.044414449906609116,1504
53.0,53.0,4.0,0.044370035456702504,1505
68.0,68.0,6.0,0.0443256654212458,1506
36.0,36.0,3.0,0.04428133975582456,1507
143.0,143.0,13.0,0.04423705841606873,1508
80.0,80.0,7.0,0.044192821357652665,1509
43.0,43.0,3.0,0.04414862853629501,1510
93.0,93.0,8.0,0.04410447990775872,1511
55.0,55.0,5.0,0.04406037542785096,1512
56.0,56.0,5.0,0.04401631505242311,1513
36.0,36.0,3.0,0.043972298737370685,1514
33.0,33.0,2.0,0.043928326438633314,1515
53.0,53.0,4.0,0.04388439811219468,1516
200.0,200.0,19.0,0.043840513714082485,1517
103.0,103.0,9.0,0.043796673200368404,1518
14.0,14.0,0.0,0.043752876527168034,1519
200.0,200.0,19.0,0.04370912365064086,1520
200.0,200.0,19.0,0.04366541452699022,1521
43.0,43.0,3.0,0.043621749112463234,1522
8.0,8.0,0.0,0.043578127363350774,1523
18.0,18.0,1.0,0.04353454923598742,1524
73.0,73.0,6.0,0.043491014686751435,1525
53.0,53.0,4.0,0.04344752367206468,1526
36.0,36.0,3.0,0.04340407614839262,1527
63.0,63.0,5.0,0.04336067207224423,1528
143.0,143.0,13.0,0.04331731140017198,1529
26.0,26.0,2.0,0.04327399408877181,1530
23.0,23.0,1.0,0.04323072009468304,1531
200.0,200.0,19.0,0.043187489374588356,1532
153.0,153.0,14.0,0.043144301885213766,1533
33.0,33.0,2.0,0.04310115758332855,1534
23.0,23.0,1.0,0.04305805642574522,1535
118.0,118.0,11.0,0.043014998369319477,1536
136.0,136.0,13.0,0.04297198337095016,1537
8.0,8.0,0.0,0.04292901138757921,1538
200.0,200.0,19.0,0.042886082376191625,1539
200.0,200.0,19.0,0.04284319629381543,1540
23.0,23.0,1.0,0.042800353097521615,1541
23.0,23.0,1.0,0.042757552744424096,1542
23.0,23.0,1.0,0.04271479519167967,1543
143.0,143.0,13.0,0.04267208039648799,1544
154.0,154.0,14.0,0.0426294083160915,1545
98.0,98.0,9.0,0.04258677890777541,1546
73.0,73.0,6.0,0.04254419212886763,1547
23.0,23.0,1.0,0.042501647936738766,1548
200.0,200.0,19.0,0.04245914628880203,1549
12.0,12.0,0.0,0.042416687142513225,1550
23.0,23.0,1.0,0.04237427045537071,1551
114.0,114.0,10.0,0.04233189618491534,1552
200.0,200.0,19.0,0.04228956428873042,1553
36.0,36.0,3.0,0.042247274724441695,1554
145.0,145.0,14.0,0.042205027449717256,1555
123.0,123.0,11.0,0.042162822422267536,1556
200.0,200.0,19.0,0.04212065959984527,1557
13.0,13.0,0.0,0.04207853894024542,1558
33.0,33.0,2.0,0.042036460401305174,1559
32.0,32.0,2.0,0.04199442394090387,1560
23.0,23.0,1.0,0.041952429516962965,1561
43.0,43.0,3.0,0.041910477087446,1562
122.0,122.0,11.0,0.04186856661035856,1563
200.0,200.0,19.0,0.0418266980437482,1564
143.0,143.0,13.0,0.04178487134570445,1565
23.0,23.0,1.0,0.041743086474358745,1566
23.0,23.0,1.0,0.041701343387884386,1567
44.0,44.0,3.0,0.0416596420444965,1568
200.0,200.0,19.0,0.04161798240245201,1569
66.0,66.0,6.0,0.041576364420049555,1570
29.0,29.0,2.0,0.041534788055629504,1571
53.0,53.0,4.0,0.041493253267573874,1572
153.0,153.0,14.0,0.041451760014306296,1573
73.0,73.0,6.0,0.04141030825429199,1574
163.0,163.0,15.0,0.0413688979460377,1575
35.0,35.0,3.0,0.041327529048091664,1576
63.0,63.0,5.0,0.041286201519043574,1577
63.0,63.0,5.0,0.04124491531752453,1578
200.0,200.0,19.0,0.041203670402207,1579
73.0,73.0,6.0,0.04116246673180479,1580
200.0,200.0,19.0,0.04112130426507299,1581
86.0,86.0,8.0,0.04108018296080792,1582
29.0,29.0,2.0,0.041039102777847114,1583
183.0,183.0,17.0,0.040998063675069266,1584
53.0,53.0,4.0,0.04095706561139419,1585
92.0,92.0,8.0,0.0409161085457828,1586
23.0,23.0,1.0,0.040875192437237015,1587
13.0,13.0,0.0,0.04083431724479978,1588
83.0,83.0,7.0,0.04079348292755498,1589
200.0,200.0,19.0,0.04075268944462743,1590
200.0,200.0,19.0,0.0407119367551828,1591
36.0,36.0,3.0,0.040671224818427616,1592
44.0,44.0,3.0,0.04063055359360919,1593
178.0,178.0,17.0,0.04058992304001558,1594
23.0,23.0,1.0,0.04054933311697557,1595
12.0,12.0,0.0,0.040508783783858596,1596
200.0,200.0,19.0,0.04046827500007474,1597
23.0,23.0,1.0,0.040427806725074664,1598
23.0,23.0,1.0,0.04038737891834959,1599
183.0,183.0,17.0,0.04034699153943124,1600
153.0,153.0,14.0,0.04030664454789181,1601
200.0,200.0,19.0,0.04026633790334392,1602
56.0,56.0,5.0,0.04022607156544058,1603
200.0,200.0,19.0,0.04018584549387514,1604
200.0,200.0,19.0,0.040145659648381266,1605
136.0,136.0,13.0,0.04010551398873288,1606
200.0,200.0,19.0,0.04006540847474415,1607
63.0,63.0,5.0,0.040025343066269405,1608
200.0,200.0,19.0,0.039985317723203136,1609
28.0,28.0,2.0,0.039945332405479934,1610
135.0,135.0,13.0,0.03990538707307446,1611
74.0,74.0,6.0,0.03986548168600138,1612
113.0,113.0,10.0,0.03982561620431538,1613
53.0,53.0,4.0,0.03978579058811106,1614
183.0,183.0,17.0,0.03974600479752295,1615
43.0,43.0,3.0,0.03970625879272543,1616
65.0,65.0,6.0,0.039666552533932704,1617
53.0,53.0,4.0,0.03962688598139877,1618
200.0,200.0,19.0,0.03958725909541737,1619
200.0,200.0,19.0,0.03954767183632195,1620
13.0,13.0,0.0,0.039508124164485625,1621
200.0,200.0,19.0,0.03946861604032114,1622
124.0,124.0,11.0,0.03942914742428082,1623
45.0,45.0,4.0,0.039389718276856535,1624
21.0,21.0,1.0,0.03935032855857968,1625
26.0,26.0,2.0,0.0393109782300211,1626
200.0,200.0,19.0,0.039271667251791084,1627
73.0,73.0,6.0,0.039232395584539295,1628
74.0,74.0,6.0,0.03919316318895476,1629
85.0,85.0,8.0,0.0391539700257658,1630
53.0,53.0,4.0,0.039114816055740034,1631
36.0,36.0,3.0,0.0390757012396843,1632
32.0,32.0,2.0,0.039036625538444614,1633
33.0,33.0,2.0,0.03899758891290617,1634
143.0,143.0,13.0,0.038958591323993264,1635
200.0,200.0,19.0,0.03891963273266927,1636
103.0,103.0,9.0,0.0388807130999366,1637
23.0,23.0,1.0,0.03884183238683666,1638
43.0,43.0,3.0,0.03880299055444982,1639
193.0,193.0,18.0,0.03876418756389537,1640
200.0,200.0,19.0,0.038725423376331475,1641
103.0,103.0,9.0,0.038686697952955144,1642
103.0,103.0,9.0,0.03864801125500219,1643
33.0,33.0,2.0,0.03860936324374719,1644
93.0,93.0,8.0,0.03857075388050344,1645
200.0,200.0,19.0,0.03853218312662294,1646
153.0,153.0,14.0,0.03849365094349631,1647
26.0,26.0,2.0,0.03845515729255282,1648
53.0,53.0,4.0,0.038416702135260265,1649
66.0,66.0,6.0,0.038378285433125006,1650
23.0,23.0,1.0,0.03833990714769188,1651
63.0,63.0,5.0,0.03830156724054419,1652
105.0,105.0,10.0,0.03826326567330365,1653
84.0,84.0,7.0,0.03822500240763034,1654
56.0,56.0,5.0,0.03818677740522271,1655
43.0,43.0,3.0,0.03814859062781748,1656
200.0,200.0,19.0,0.03811044203718966,1657
200.0,200.0,19.0,0.03807233159515247,1658
65.0,65.0,6.0,0.038034259263557316,1659
23.0,23.0,1.0,0.03799622500429376,1660
56.0,56.0,5.0,0.03795822877928947,1661
26.0,26.0,2.0,0.03792027055051018,1662
23.0,23.0,1.0,0.03788235027995967,1663
193.0,193.0,18.0,0.03784446792967971,1664
95.0,95.0,9.0,0.03780662346175003,1665
23.0,23.0,1.0,0.03776881683828828,1666
90.0,90.0,8.0,0.03773104802145,1667
53.0,53.0,4.0,0.03769331697342855,1668
57.0,57.0,5.0,0.03765562365645512,1669
113.0,113.0,10.0,0.03761796803279866,1670
84.0,84.0,7.0,0.037580350064765865,1671
135.0,135.0,13.0,0.0375427697147011,1672
33.0,33.0,2.0,0.0375052269449864,1673
200.0,200.0,19.0,0.037467721718041413,1674
187.0,187.0,18.0,0.037430253996323375,1675
23.0,23.0,1.0,0.03739282374232705,1676
29.0,29.0,2.0,0.037355430918584724,1677
183.0,183.0,17.0,0.03731807548766614,1678
133.0,133.0,12.0,0.03728075741217848,1679
63.0,63.0,5.0,0.0372434766547663,1680
12.0,12.0,0.0,0.03720623317811154,1681
4.0,4.0,0.0,0.037169026944933424,1682
176.0,176.0,17.0,0.03713185791798849,1683
200.0,200.0,19.0,0.0370947260600705,1684
11.0,11.0,0.0,0.03705763133401043,1685
46.0,46.0,4.0,0.03702057370267642,1686
43.0,43.0,3.0,0.036983553128973744,1687
200.0,200.0,19.0,0.03694656957584477,1688
200.0,200.0,19.0,0.036909623006268925,1689
23.0,23.0,1.0,0.03687271338326266,1690
24.0,24.0,1.0,0.0368358406698794,1691
53.0,53.0,4.0,0.03679900482920952,1692
23.0,23.0,1.0,0.036762205824380306,1693
200.0,200.0,19.0,0.036725443618555925,1694
200.0,200.0,19.0,0.03668871817493737,1695
200.0,200.0,19.0,0.036652029456762436,1696
196.0,196.0,19.0,0.036615377427305675,1697
200.0,200.0,19.0,0.036578762049878366,1698
123.0,123.0,11.0,0.03654218328782849,1699
33.0,33.0,2.0,0.03650564110454066,1700
200.0,200.0,19.0,0.036469135463436116,1701
45.0,45.0,4.0,0.03643266632797268,1702
13.0,13.0,0.0,0.036396233661644704,1703
83.0,83.0,7.0,0.03635983742798306,1704
193.0,193.0,18.0,0.03632347759055508,1705
23.0,23.0,1.0,0.03628715411296452,1706
72.0,72.0,6.0,0.03625086695885156,1707
65.0,65.0,6.0,0.03621461609189271,1708
200.0,200.0,19.0,0.036178401475800814,1709
126.0,126.0,12.0,0.03614222307432501,1710
200.0,200.0,19.0,0.03610608085125069,1711
33.0,33.0,2.0,0.036069974770399436,1712
13.0,13.0,0.0,0.03603390479562904,1713
200.0,200.0,19.0,0.03599787089083341,1714
23.0,23.0,1.0,0.035961873019942574,1715
123.0,123.0,11.0,0.03592591114692263,1716
200.0,200.0,19.0,0.03588998523577571,1717
46.0,46.0,4.0,0.03585409525053993,1718
12.0,12.0,0.0,0.03581824115528939,1719
200.0,200.0,19.0,0.0357824229141341,1720
200.0,200.0,19.0,0.03574664049121997,1721
63.0,63.0,5.0,0.03571089385072875,1722
103.0,103.0,9.0,0.03567518295687802,1723
96.0,96.0,9.0,0.03563950777392114,1724
23.0,23.0,1.0,0.03560386826614722,1725
36.0,36.0,3.0,0.03556826439788107,1726
200.0,200.0,19.0,0.03553269613348319,1727
43.0,43.0,3.0,0.03549716343734971,1728
98.0,98.0,9.0,0.03546166627391236,1729
23.0,23.0,1.0,0.03542620460763845,1730
186.0,186.0,18.0,0.03539077840303081,1731
200.0,200.0,19.0,0.035355387624627775,1732
200.0,200.0,19.0,0.03532003223700315,1733
56.0,56.0,5.0,0.035284712204766144,1734
52.0,52.0,4.0,0.03524942749256138,1735
53.0,53.0,4.0,0.03521417806506882,1736
86.0,86.0,8.0,0.03517896388700375,1737
8.0,8.0,0.0,0.03514378492311675,1738
13.0,13.0,0.0,0.03510864113819363,1739
200.0,200.0,19.0,0.035073532497055436,1740
200.0,200.0,19.0,0.03503845896455838,1741
13.0,13.0,0.0,0.035003420505593824,1742
83.0,83.0,7.0,0.03496841708508823,1743
200.0,200.0,19.0,0.034933448668003145,1744
35.0,35.0,3.0,0.03489851521933514,1745
43.0,43.0,3.0,0.0348636167041158,1746
16.0,16.0,1.0,0.034828753087411686,1747
113.0,113.0,10.0,0.034793924334324274,1748
156.0,156.0,15.0,0.03475913040998995,1749
200.0,200.0,19.0,0.03472437127957996,1750
200.0,200.0,19.0,0.03468964690830038,1751
13.0,13.0,0.0,0.034654957261392075,1752
13.0,13.0,0.0,0.034620302304130685,1753
13.0,13.0,0.0,0.03458568200182655,1754
193.0,193.0,18.0,0.034551096319824726,1755
73.0,73.0,6.0,0.0345165452235049,1756
83.0,83.0,7.0,0.034482028678281394,1757
125.0,125.0,12.0,0.03444754664960311,1758
49.0,49.0,4.0,0.03441309910295351,1759
13.0,13.0,0.0,0.03437868600385056,1760
92.0,92.0,8.0,0.034344307317846705,1761
200.0,200.0,19.0,0.03430996301052886,1762
166.0,166.0,16.0,0.03427565304751833,1763
53.0,53.0,4.0,0.034241377394470814,1764
53.0,53.0,4.0,0.03420713601707634,1765
63.0,63.0,5.0,0.034172928881059265,1766
34.0,34.0,2.0,0.034138755952178204,1767
75.0,75.0,7.0,0.034104617196226025,1768
105.0,105.0,10.0,0.0340705125790298,1769
73.0,73.0,6.0,0.03403644206645077,1770
200.0,200.0,19.0,0.034002405624384315,1771
153.0,153.0,14.0,0.03396840321875993,1772
113.0,113.0,10.0,0.03393443481554117,1773
200.0,200.0,19.0,0.033900500380725625,1774
13.0,13.0,0.0,0.0338665998803449,1775
13.0,13.0,0.0,0.03383273328046455,1776
200.0,200.0,19.0,0.03379890054718409,1777
95.0,95.0,9.0,0.0337651016466369,1778
16.0,16.0,1.0,0.03373133654499027,1779
200.0,200.0,19.0,0.03369760520844528,1780
143.0,143.0,13.0,0.033663907603236835,1781
85.0,85.0,8.0,0.033630243695633597,1782
200.0,200.0,19.0,0.033596613451937964,1783
200.0,200.0,19.0,0.033563016838486025,1784
23.0,23.0,1.0,0.033529453821647535,1785
83.0,83.0,7.0,0.03349592436782589,1786
34.0,34.0,2.0,0.033462428443458064,1787
14.0,14.0,0.0,0.033428966015014605,1788
115.0,115.0,11.0,0.03339553704899959,1789
200.0,200.0,19.0,0.03336214151195059,1790
56.0,56.0,5.0,0.03332877937043864,1791
93.0,93.0,8.0,0.033295450591068206,1792
103.0,103.0,9.0,0.03326215514047714,1793
200.0,200.0,19.0,0.03322889298533666,1794
43.0,43.0,3.0,0.03319566409235133,1795
23.0,23.0,1.0,0.03316246842825898,1796
200.0,200.0,19.0,0.03312930595983072,1797
193.0,193.0,18.0,0.033096176653870886,1798
197.0,197.0,19.0,0.03306308047721702,1799
8.0,8.0,0.0,0.0330300173967398,1800
95.0,95.0,9.0,0.03299698737934306,1801
186.0,186.0,18.0,0.03296399039196372,1802
79.0,79.0,7.0,0.03293102640157175,1803
53.0,53.0,4.0,0.03289809537517018,1804
143.0,143.0,13.0,0.03286519727979501,1805
125.0,125.0,12.0,0.032832332082515216,1806
76.0,76.0,7.0,0.0327994997504327,1807
83.0,83.0,7.0,0.03276670025068226,1808
28.0,28.0,2.0,0.03273393355043158,1809
170.0,170.0,16.0,0.03270119961688115,1810
200.0,200.0,19.0,0.03266849841726427,1811
13.0,13.0,0.0,0.032635829918847004,1812
200.0,200.0,19.0,0.03260319408892816,1813
46.0,46.0,4.0,0.03257059089483923,1814
33.0,33.0,2.0,0.032538020303944384,1815
200.0,200.0,19.0,0.03250548228364044,1816
83.0,83.0,7.0,0.0324729768013568,1817
75.0,75.0,7.0,0.03244050382455545,1818
65.0,65.0,6.0,0.032408063320730894,1819
43.0,43.0,3.0,0.032375655257410166,1820
33.0,33.0,2.0,0.032343279602152754,1821
63.0,63.0,5.0,0.0323109363225506,1822
73.0,73.0,6.0,0.032278625386228055,1823
53.0,53.0,4.0,0.03224634676084183,1824
200.0,200.0,19.0,0.03221410041408099,1825
94.0,94.0,8.0,0.032181886313666905,1826
15.0,15.0,1.0,0.03214970442735324,1827
43.0,43.0,3.0,0.032117554722925885,1828
73.0,73.0,6.0,0.03208543716820296,1829
200.0,200.0,19.0,0.032053351731034754,1830
23.0,23.0,1.0,0.03202129837930372,1831
49.0,49.0,4.0,0.031989277080924416,1832
166.0,166.0,16.0,0.03195728780384349,1833
173.0,173.0,16.0,0.03192533051603965,1834
73.0,73.0,6.0,0.03189340518552361,1835
23.0,23.0,1.0,0.03186151178033809,1836
113.0,113.0,10.0,0.031829650268557746,1837
200.0,200.0,19.0,0.03179782061828919,1838
200.0,200.0,19.0,0.0317660227976709,1839
163.0,163.0,15.0,0.03173425677487323,1840
90.0,90.0,8.0,0.03170252251809836,1841
12.0,12.0,0.0,0.03167081999558026,1842
13.0,13.0,0.0,0.03163914917558468,1843
125.0,125.0,12.0,0.031607510026409096,1844
103.0,103.0,9.0,0.03157590251638269,1845
200.0,200.0,19.0,0.03154432661386631,1846
45.0,45.0,4.0,0.03151278228725244,1847
200.0,200.0,19.0,0.03148126950496519,1848
53.0,53.0,4.0,0.03144978823546022,1849
23.0,23.0,1.0,0.03141833844722476,1850
134.0,134.0,12.0,0.031386920108777534,1851
133.0,133.0,12.0,0.03135553318866876,1852
23.0,23.0,1.0,0.03132417765548009,1853
36.0,36.0,3.0,0.03129285347782461,1854
59.0,59.0,5.0,0.03126156062434678,1855
200.0,200.0,19.0,0.031230299063722437,1856
200.0,200.0,19.0,0.031199068764658715,1857
193.0,193.0,18.0,0.031167869695894055,1858
12.0,12.0,0.0,0.03113670182619816,1859
200.0,200.0,19.0,0.031105565124371962,1860
200.0,200.0,19.0,0.03107445955924759,1861
83.0,83.0,7.0,0.031043385099688344,1862
85.0,85.0,8.0,0.031012341714588654,1863
83.0,83.0,7.0,0.030981329372874067,1864
76.0,76.0,7.0,0.03095034804350119,1865
93.0,93.0,8.0,0.03091939769545769,1866
76.0,76.0,7.0,0.030888478297762232,1867
25.0,25.0,2.0,0.03085758981946447,1868
200.0,200.0,19.0,0.030826732229645007,1869
93.0,93.0,8.0,0.03079590549741536,1870
66.0,66.0,6.0,0.030765109591917944,1871
86.0,86.0,8.0,0.030734344482326027,1872
76.0,76.0,7.0,0.0307036101378437,1873
163.0,163.0,15.0,0.030672906527705858,1874
53.0,53.0,4.0,0.030642233621178152,1875
59.0,59.0,5.0,0.030611591387556973,1876
123.0,123.0,11.0,0.030580979796169416,1877
173.0,173.0,16.0,0.030550398816373246,1878
142.0,142.0,13.0,0.030519848417556873,1879
143.0,143.0,13.0,0.030489328569139315,1880
200.0,200.0,19.0,0.030458839240570176,1881
25.0,25.0,2.0,0.030428380401329606,1882
200.0,200.0,19.0,0.030397952020928275,1883
55.0,55.0,5.0,0.030367554068907347,1884
200.0,200.0,19.0,0.030337186514838438,1885
63.0,63.0,5.0,0.030306849328323598,1886
86.0,86.0,8.0,0.030276542478995274,1887
45.0,45.0,4.0,0.03024626593651628,1888
118.0,118.0,11.0,0.030216019670579762,1889
200.0,200.0,19.0,0.03018580365090918,1890
200.0,200.0,19.0,0.030155617847258273,1891
113.0,113.0,10.0,0.030125462229411013,1892
72.0,72.0,6.0,0.030095336767181603,1893
183.0,183.0,17.0,0.030065241430414422,1894
23.0,23.0,1.0,0.03003517618898401,1895
200.0,200.0,19.0,0.030005141012795025,1896
113.0,113.0,10.0,0.02997513587178223,1897
114.0,114.0,10.0,0.02994516073591045,1898
36.0,36.0,3.0,0.02991521557517454,1899
36.0,36.0,3.0,0.029885300359599364,1900
43.0,43.0,3.0,0.029855415059239766,1901
73.0,73.0,6.0,0.029825559644180526,1902
25.0,25.0,2.0,0.029795734084536347,1903
33.0,33.0,2.0,0.029765938350451812,1904
25.0,25.0,2.0,0.02973617241210136,1905
200.0,200.0,19.0,0.02970643623968926,1906
200.0,200.0,19.0,0.029676729803449573,1907
122.0,122.0,11.0,0.029647053073646124,1908
15.0,15.0,1.0,0.029617406020572477,1909
46.0,46.0,4.0,0.029587788614551903,1910
13.0,13.0,0.0,0.02955820082593735,1911
200.0,200.0,19.0,0.02952864262511141,1912
183.0,183.0,17.0,0.0294991139824863,1913
73.0,73.0,6.0,0.029469614868503816,1914
72.0,72.0,6.0,0.02944014525363531,1915
63.0,63.0,5.0,0.029410705108381677,1916
133.0,133.0,12.0,0.029381294403273295,1917
60.0,60.0,5.0,0.02935191310887002,1918
133.0,133.0,12.0,0.02932256119576115,1919
200.0,200.0,19.0,0.02929323863456539,1920
53.0,53.0,4.0,0.029263945395930822,1921
200.0,200.0,19.0,0.029234681450534893,1922
43.0,43.0,3.0,0.029205446769084358,1923
13.0,13.0,0.0,0.029176241322315274,1924
200.0,200.0,19.0,0.02914706508099296,1925
183.0,183.0,17.0,0.029117918015911966,1926
65.0,65.0,6.0,0.029088800097896054,1927
65.0,65.0,6.0,0.029059711297798156,1928
75.0,75.0,7.0,0.029030651586500356,1929
53.0,53.0,4.0,0.029001620934913857,1930
28.0,28.0,2.0,0.02897261931397894,1931
123.0,123.0,11.0,0.02894364669466496,1932
46.0,46.0,4.0,0.028914703047970294,1933
33.0,33.0,2.0,0.028885788344922322,1934
155.0,155.0,15.0,0.0288569025565774,1935
67.0,67.0,6.0,0.02882804565402082,1936
33.0,33.0,2.0,0.0287992176083668,1937
65.0,65.0,6.0,0.02877041839075843,1938
200.0,200.0,19.0,0.028741647972367675,1939
153.0,153.0,14.0,0.028712906324395306,1940
36.0,36.0,3.0,0.02868419341807091,1941
73.0,73.0,6.0,0.02865550922465284,1942
96.0,96.0,9.0,0.028626853715428186,1943
22.0,22.0,1.0,0.028598226861712758,1944
200.0,200.0,19.0,0.028569628634851046,1945
33.0,33.0,2.0,0.028541059006216195,1946
35.0,35.0,3.0,0.028512517947209978,1947
200.0,200.0,19.0,0.028484005429262767,1948
53.0,53.0,4.0,0.028455521423833504,1949
136.0,136.0,13.0,0.02842706590240967,1950
55.0,55.0,5.0,0.02839863883650726,1951
113.0,113.0,10.0,0.028370240197670753,1952
43.0,43.0,3.0,0.028341869957473082,1953
200.0,200.0,19.0,0.02831352808751561,1954
45.0,45.0,4.0,0.028285214559428094,1955
200.0,200.0,19.0,0.028256929344868665,1956
200.0,200.0,19.0,0.028228672415523796,1957
12.0,12.0,0.0,0.02820044374310827,1958
66.0,66.0,6.0,0.028172243299365164,1959
25.0,25.0,2.0,0.028144071056065798,1960
200.0,200.0,19.0,0.028115926985009733,1961
200.0,200.0,19.0,0.028087811058024725,1962
95.0,95.0,9.0,0.0280597232469667,1963
66.0,66.0,6.0,0.028031663523719733,1964
125.0,125.0,12.0,0.028003631860196013,1965
96.0,96.0,9.0,0.027975628228335818,1966
200.0,200.0,19.0,0.02794765260010748,1967
200.0,200.0,19.0,0.027919704947507375,1968
200.0,200.0,19.0,0.027891785242559867,1969
200.0,200.0,19.0,0.027863893457317306,1970
175.0,175.0,17.0,0.027836029563859988,1971
103.0,103.0,9.0,0.027808193534296127,1972
63.0,63.0,5.0,0.02778038534076183,1973
200.0,200.0,19.0,0.02775260495542107,1974
53.0,53.0,4.0,0.027724852350465647,1975
200.0,200.0,19.0,0.027697127498115183,1976
126.0,126.0,12.0,0.027669430370617067,1977
15.0,15.0,1.0,0.027641760940246448,1978
146.0,146.0,14.0,0.0276141191793062,1979
163.0,163.0,15.0,0.027586505060126894,1980
45.0,45.0,4.0,0.02755891855506677,1981
86.0,86.0,8.0,0.027531359636511703,1982
35.0,35.0,3.0,0.02750382827687519,1983
73.0,73.0,6.0,0.027476324448598315,1984
57.0,57.0,5.0,0.027448848124149716,1985
200.0,200.0,19.0,0.027421399276025566,1986
43.0,43.0,3.0,0.02739397787674954,1987
94.0,94.0,8.0,0.027366583898872792,1988
13.0,13.0,0.0,0.02733921731497392,1989
38.0,38.0,3.0,0.027311878097658948,1990
13.0,13.0,0.0,0.02728456621956129,1991
4.0,4.0,0.0,0.02725728165334173,1992
28.0,28.0,2.0,0.027230024371688387,1993
33.0,33.0,2.0,0.0272027943473167,1994
83.0,83.0,7.0,0.02717559155296938,1995
23.0,23.0,1.0,0.02714841596141641,1996
13.0,13.0,0.0,0.027121267545454995,1997
95.0,95.0,9.0,0.02709414627790954,1998
23.0,23.0,1.0,0.02706705213163163,1999
173.0,173.0,16.0,0.0270399850795,2000
